rse_licensee,rse_name,public_offer_status,mysuper_product_name,product_category,single_strategy_lifecycle_indicator,lifecycle_stage_name,member_assets_000,proportion_of_total_assets_in_mysuper,member_accounts,strategic_growth_asset_allocation,performance_test_measure,pass_fail_indicator,lookback_period_years,actual_return_minus_benchmark_return,representative_administration_fees_and_expenses_rafe,relevant_benchmark_representative_administration_fees_and_expenses_brafe,10_year_net_investment_return_nir_p_a,10_year_nir_relative_to_saa_benchmark_portfolio_p_a,10_year_nir_relative_to_simple_reference_portfolio_p_a,10_year_net_return_50_000_rep_member_p_a,7_year_net_investment_return_nir_p_a,7_year_nir_relative_to_saa_benchmark_portfolio_p_a,7_year_nir_relative_to_simple_reference_portfolio_p_a,7_year_net_return_50_000_rep_member_p_a,5_year_net_investment_return_nir_p_a,5_year_nir_relative_to_saa_benchmark_portfolio_p_a,5_year_nir_relative_to_simple_reference_portfolio_p_a,5_year_net_return_50_000_rep_member_p_a,3_year_net_investment_return_nir_p_a,3_year_nir_relative_to_saa_benchmark_portfolio_p_a,3_year_nir_relative_to_simple_reference_portfolio_p_a,3_year_net_return_50_000_rep_member_p_a,administration_fees_and_costs_charged_10_000_account_balance,administration_fees_and_costs_charged_25_000_account_balance,administration_fees_and_costs_charged_50_000_account_balance,administration_fees_and_costs_charged_100_000_account_balance,administration_fees_and_costs_charged_250_000_account_balance,total_fees_and_costs_charged_10_000_account_balance,total_fees_and_costs_charged_25_000_account_balance,total_fees_and_costs_charged_50_000_account_balance,total_fees_and_costs_charged_100_000_account_balance,total_fees_and_costs_charged_250_000_account_balance
ANZ Staff Superannuation (Australia) Pty. Limited,ANZ Australian Staff Superannuation Scheme,Non-public offer,ANZ Staff MySuper,Generic,Single strategy,,2896332,0.39,15410,0.71,0.00124,Pass,10,0.00036,0.0016,0.002482,0.0675,4.00E-04,-0.006,0.0656,0.0665,0.0014,-0.0066,0.0648,0.0799,0.0067,-0.0054,0.0782,0.0938,0.0026,-0.0151,0.0921,0.0016,0.0016,0.0016,0.0016,0.0016,0.006,0.006,0.006,0.006,0.006
Australian Ethical Superannuation Pty Ltd,Australian Ethical Retail Superannuation Fund,Public offer,Australian Ethical Retail Superannuation Fund MySuper,Generic,Single strategy,,5428884,0.47,102670,0.71,0.00503,Pass,10,0.00611,0.00356,0.002482,0.0725,0.0061,0.0019,0.0669,0.0736,0.0077,0.0026,0.0682,0.0763,0.002,-0.0059,0.0708,0.0918,-0.0026,-0.0145,0.0879,0.0082,0.0047,0.0036,0.003,0.0026,0.0165,0.013,0.0119,0.0113,0.0109
Australian Meat Industry Superannuation Pty Ltd,Australian Meat Industry Superannuation Trust,Public offer,MySuper,Generic,Single strategy,,2828879,0.82,62070,0.76,0.00894,Pass,10,0.00893,0.00247,0.002482,0.0721,0.0089,-1.00E-04,0.0697,0.0684,0.0095,-0.0044,0.0659,0.0839,0.0205,-0.001,0.0813,0.0873,0.0077,-0.0235,0.0846,0.0095,0.0042,0.0025,0.0016,0.0011,0.0144,0.0091,0.0074,0.0065,0.006
Australian Retirement Trust Pty Ltd,Australian Retirement Trust,Public offer,Lifecycle Investment Strategy,MySuper Material Goodwill,Lifecycle,,97263432,0.27,1997240,,0.00961,Pass,10,0.00938,0.00225,0.002482,,,,,,,,,,,,,,,,,,,,,,,,,,
Australian Retirement Trust Pty Ltd,Australian Retirement Trust,Public offer,Lifecycle Investment Strategy,MySuper Material Goodwill,Lifecycle,Less than 50,,,,0.9,,,,,,,0.082,0.0096,0.0037,0.0796,0.0802,0.0087,4.00E-04,0.0778,0.0998,0.0146,0.0042,0.0973,0.1042,0.0027,-0.0171,0.1017,0.0072,0.0035,0.0022,0.0016,0.0012,0.0122,0.0084,0.0072,0.0066,0.0062
Australian Retirement Trust Pty Ltd,Australian Retirement Trust,Public offer,Lifecycle Investment Strategy,MySuper Material Goodwill,Lifecycle,Age 54  to 55,,,,0.82,,,,,,,0.0814,0.0099,0.0038,0.079,0.0794,0.0092,7.00E-04,0.077,0.0986,0.0152,0.0045,0.0961,0.1022,0.0037,-0.0165,0.0997,0.0072,0.0035,0.0022,0.0016,0.0012,0.0121,0.0083,0.0071,0.0064,0.0061
Australian Retirement Trust Pty Ltd,Australian Retirement Trust,Public offer,Lifecycle Investment Strategy,MySuper Material Goodwill,Lifecycle,Age 53 to 54,,,,0.84,,,,,,,0.0815,0.0099,0.0038,0.0791,0.0796,0.0091,6.00E-04,0.0772,0.0988,0.0151,0.0044,0.0964,0.1026,0.0034,-0.0167,0.1002,0.0072,0.0035,0.0022,0.0016,0.0012,0.0121,0.0083,0.0071,0.0065,0.0061
Australian Retirement Trust Pty Ltd,Australian Retirement Trust,Public offer,Lifecycle Investment Strategy,MySuper Material Goodwill,Lifecycle,Age 52 to 53,,,,0.86,,,,,,,0.0817,0.0098,0.0038,0.0793,0.0798,0.009,6.00E-04,0.0774,0.0991,0.015,0.0044,0.0966,0.1031,0.0032,-0.0168,0.1006,0.0072,0.0035,0.0022,0.0016,0.0012,0.0121,0.0084,0.0071,0.0065,0.0061
Australian Retirement Trust Pty Ltd,Australian Retirement Trust,Public offer,Lifecycle Investment Strategy,MySuper Material Goodwill,Lifecycle,Age 51 to 52,,,,0.88,,,,,,,0.0818,0.0097,0.0037,0.0794,0.08,0.0089,5.00E-04,0.0775,0.0994,0.0148,0.0043,0.0969,0.1035,0.003,-0.0169,0.1011,0.0072,0.0035,0.0022,0.0016,0.0012,0.0122,0.0084,0.0072,0.0065,0.0062
Australian Retirement Trust Pty Ltd,Australian Retirement Trust,Public offer,Lifecycle Investment Strategy,MySuper Material Goodwill,Lifecycle,Age 50 to 51,,,,0.9,,,,,,,0.0819,0.0097,0.0037,0.0795,0.0801,0.0088,5.00E-04,0.0777,0.0996,0.0147,0.0042,0.0971,0.1039,0.0028,-0.017,0.1015,0.0072,0.0035,0.0022,0.0016,0.0012,0.0122,0.0084,0.0072,0.0066,0.0062
Australian Retirement Trust Pty Ltd,Australian Retirement Trust,Public offer,Lifecycle Investment Strategy,MySuper Material Goodwill,Lifecycle,Age 55 to 56,,,,0.8,,,,,,,0.0802,0.0099,0.0036,0.0779,0.0783,0.0093,7.00E-04,0.0758,0.097,0.0155,0.0047,0.0945,0.1006,0.0043,-0.016,0.0982,0.0072,0.0035,0.0022,0.0016,0.0012,0.012,0.0083,0.007,0.0064,0.006
Australian Retirement Trust Pty Ltd,Australian Retirement Trust,Public offer,Lifecycle Investment Strategy,MySuper Material Goodwill,Lifecycle,Age 56 to 57,,,,0.78,,,,,,,0.0781,0.0095,0.003,0.0757,0.0763,0.0092,4.00E-04,0.0739,0.0944,0.0155,0.0048,0.0919,0.0983,0.0047,-0.0157,0.0959,0.0072,0.0035,0.0022,0.0016,0.0012,0.012,0.0083,0.007,0.0064,0.006
Australian Retirement Trust Pty Ltd,Australian Retirement Trust,Public offer,Lifecycle Investment Strategy,MySuper Material Goodwill,Lifecycle,Age 57 to 58,,,,0.77,,,,,,,0.076,0.0091,0.0024,0.0736,0.0743,0.0092,2.00E-04,0.0719,0.0917,0.0155,0.0048,0.0892,0.096,0.0051,-0.0155,0.0936,0.0072,0.0035,0.0022,0.0016,0.0012,0.012,0.0082,0.007,0.0063,0.006
Australian Retirement Trust Pty Ltd,Australian Retirement Trust,Public offer,Lifecycle Investment Strategy,MySuper Material Goodwill,Lifecycle,Age 58 to 59,,,,0.75,,,,,,,0.0739,0.0088,0.0019,0.0715,0.0723,0.0091,0,0.0699,0.089,0.0155,0.0048,0.0865,0.0937,0.0055,-0.0152,0.0913,0.0072,0.0035,0.0022,0.0016,0.0012,0.0119,0.0082,0.0069,0.0063,0.0059
Australian Retirement Trust Pty Ltd,Australian Retirement Trust,Public offer,Lifecycle Investment Strategy,MySuper Material Goodwill,Lifecycle,Age 59 to 60,,,,0.73,,,,,,,0.0717,0.0084,0.0013,0.0694,0.0703,0.009,-3.00E-04,0.0679,0.0863,0.0155,0.0048,0.0839,0.0913,0.0058,-0.0149,0.0889,0.0072,0.0035,0.0022,0.0016,0.0012,0.0119,0.0081,0.0069,0.0063,0.0059
Australian Retirement Trust Pty Ltd,Australian Retirement Trust,Public offer,Lifecycle Investment Strategy,MySuper Material Goodwill,Lifecycle,Age 60 to 61,,,,0.71,,,,,,,0.0696,0.008,7.00E-04,0.0672,0.0683,0.0089,-5.00E-04,0.0659,0.0837,0.0155,0.0048,0.0812,0.0891,0.0061,-0.0146,0.0867,0.0072,0.0035,0.0022,0.0016,0.0012,0.0118,0.0081,0.0068,0.0062,0.0058
Australian Retirement Trust Pty Ltd,Australian Retirement Trust,Public offer,Lifecycle Investment Strategy,MySuper Material Goodwill,Lifecycle,Age 61 to 62,,,,0.7,,,,,,,0.0675,0.0076,1.00E-04,0.0651,0.0663,0.0088,-8.00E-04,0.0639,0.0811,0.0154,0.0049,0.0786,0.0868,0.0064,-0.0144,0.0844,0.0072,0.0035,0.0022,0.0016,0.0012,0.0117,0.008,0.0068,0.0061,0.0058
Australian Retirement Trust Pty Ltd,Australian Retirement Trust,Public offer,Lifecycle Investment Strategy,MySuper Material Goodwill,Lifecycle,Age 62 to 63,,,,0.68,,,,,,,0.0654,0.0072,-5.00E-04,0.063,0.0644,0.0086,-0.001,0.062,0.0785,0.0154,0.0049,0.076,0.0846,0.0066,-0.0141,0.0822,0.0072,0.0035,0.0022,0.0016,0.0012,0.0117,0.0079,0.0067,0.006,0.0057
Australian Retirement Trust Pty Ltd,Australian Retirement Trust,Public offer,Lifecycle Investment Strategy,MySuper Material Goodwill,Lifecycle,Age 63 to 64,,,,0.66,,,,,,,0.0633,0.0068,-0.001,0.0609,0.0624,0.0085,-0.0012,0.06,0.0759,0.0153,0.0049,0.0734,0.0824,0.0069,-0.0138,0.08,0.0072,0.0035,0.0022,0.0016,0.0012,0.0116,0.0078,0.0066,0.006,0.0056
Australian Retirement Trust Pty Ltd,Australian Retirement Trust,Public offer,Lifecycle Investment Strategy,MySuper Material Goodwill,Lifecycle,Age 64 to 65,,,,0.65,,,,,,,0.0611,0.0064,-0.0016,0.0588,0.0604,0.0084,-0.0014,0.058,0.0732,0.0152,0.005,0.0708,0.0801,0.0071,-0.0135,0.0778,0.0072,0.0035,0.0022,0.0016,0.0012,0.0115,0.0078,0.0065,0.0059,0.0055
Australian Retirement Trust Pty Ltd,Australian Retirement Trust,Public offer,Lifecycle Investment Strategy,MySuper Material Goodwill,Lifecycle,Age 65 and over,,,,0.64,,,,,,,0.0601,0.0061,-0.002,0.0578,0.0595,0.0081,-0.0017,0.0571,0.072,0.015,0.0048,0.0696,0.0792,0.0069,-0.0137,0.0768,0.0072,0.0035,0.0022,0.0016,0.0012,0.0115,0.0077,0.0065,0.0058,0.0055
Australian Retirement Trust Pty Ltd,Australian Retirement Trust,Public offer,QSuper Lifetime,Generic,Lifecycle,,66775624,0.17,511170,,0.00175,Pass,10,0.00111,0.00185,0.002482,,,,,,,,,,,,,,,,,,,,,,,,,,
Australian Retirement Trust Pty Ltd,Australian Retirement Trust,Public offer,QSuper Lifetime,Generic,Lifecycle,Aspire 1 Group,,,,0.9,,,,,,,0.0734,0.0021,-0.0025,0.0717,0.0702,-0.002,-0.0099,0.0687,0.0777,-0.0024,-0.0128,0.0761,0.0835,-0.0209,-0.0401,0.0818,0.0068,0.0031,0.0018,0.0012,8.00E-04,0.0116,0.0079,0.0067,0.006,0.0057
Australian Retirement Trust Pty Ltd,Australian Retirement Trust,Public offer,QSuper Lifetime,Generic,Lifecycle,Aspire 2 Group,,,,0.77,,,,,,,0.0636,0.001,-0.0029,0.062,0.06,-0.0034,-0.01,0.0584,0.0608,-0.0064,-0.0157,0.0591,0.0732,-0.0197,-0.035,0.0716,0.0068,0.0031,0.0018,0.0012,8.00E-04,0.0111,0.0074,0.0061,0.0055,0.0051
Australian Retirement Trust Pty Ltd,Australian Retirement Trust,Public offer,QSuper Lifetime,Generic,Lifecycle,Focus 1 Group,,,,0.77,,,,,,,0.0646,0.0017,-0.0022,0.063,0.0624,-0.0014,-0.0079,0.0609,0.0661,-0.0013,-0.0106,0.0646,0.0756,-0.0176,-0.0329,0.0741,0.0068,0.0031,0.0018,0.0012,8.00E-04,0.0111,0.0074,0.0061,0.0055,0.0051
Australian Retirement Trust Pty Ltd,Australian Retirement Trust,Public offer,QSuper Lifetime,Generic,Lifecycle,Focus 2 Group,,,,0.68,,,,,,,0.0588,0.0012,-0.0021,0.0571,0.0566,-0.0014,-0.0069,0.0551,0.0581,-7.00E-04,-0.0092,0.0566,0.0704,-0.0152,-0.0278,0.0689,0.0068,0.0031,0.0018,0.0012,8.00E-04,0.0107,0.007,0.0057,0.0051,0.0047
Australian Retirement Trust Pty Ltd,Australian Retirement Trust,Public offer,QSuper Lifetime,Generic,Lifecycle,Focus 3 Group,,,,0.59,,,,,,,0.0526,5.00E-04,-0.0023,0.051,0.0505,-0.0016,-0.0062,0.049,0.0499,-4.00E-04,-0.0081,0.0484,0.066,-0.012,-0.0221,0.0645,0.0068,0.0031,0.0018,0.0012,8.00E-04,0.0104,0.0067,0.0054,0.0048,0.0044
Australian Retirement Trust Pty Ltd,Australian Retirement Trust,Public offer,QSuper Lifetime,Generic,Lifecycle,Outlook Group,,,,0.9,,,,,,,0.0718,5.00E-04,-0.0041,0.0701,0.0685,-0.0037,-0.0116,0.0669,0.0763,-0.0038,-0.0142,0.0747,0.0831,-0.0213,-0.0405,0.0815,0.0068,0.0031,0.0018,0.0012,8.00E-04,0.0116,0.0079,0.0066,0.006,0.0056
Australian Retirement Trust Pty Ltd,Australian Retirement Trust,Public offer,QSuper Lifetime,Generic,Lifecycle,Sustain 1 Group,,,,0.54,,,,,,,0.0479,0.0017,-0.0027,0.0463,0.0472,-6.00E-04,-0.0049,0.0457,0.0519,-0.0016,5.00E-04,0.0504,0.0654,-0.0115,-0.018,0.064,0.0068,0.0031,0.0018,0.0012,8.00E-04,0.0102,0.0065,0.0052,0.0046,0.0042
Australian Retirement Trust Pty Ltd,Australian Retirement Trust,Public offer,QSuper Lifetime,Generic,Lifecycle,Sustain 2 Group,,,,0.5,,,,,,,0.0369,3.00E-04,-0.0044,0.0353,0.0374,-0.0013,-0.0048,0.036,0.0418,-0.0022,0.0039,0.0404,0.061,-0.0101,-0.0136,0.0595,0.0068,0.0031,0.0018,0.0012,8.00E-04,0.01,0.0062,0.005,0.0044,0.004
Australian Retirement Trust Pty Ltd,Australian Retirement Trust,Public offer,QSuper Lifetime,Generic,Lifecycle,Sustain 3 Group,,,,0.45,,,,,,,0.037,7.00E-04,-0.0039,0.0354,0.0376,-7.00E-04,-0.004,0.0361,0.0421,-0.0013,0.0049,0.0406,0.0614,-0.0086,-0.0118,0.06,0.0068,0.0031,0.0018,0.0012,8.00E-04,0.0098,0.0061,0.0048,0.0042,0.0038
AustralianSuper Pty Ltd,AustralianSuper,Public offer,AustralianSuper MySuper,Generic,Single strategy,,239034124,0.56,3126300,0.73,0.00929,Pass,10,0.00857,0.00177,0.002482,0.0795,0.0086,0.0049,0.0775,0.0738,0.0048,-0.0014,0.0716,0.0854,0.0051,-0.0033,0.0832,0.0873,-0.0073,-0.0247,0.0854,0.0053,0.0026,0.0018,0.0013,0.0011,0.0107,0.008,0.0071,0.0067,0.0064
Avanteos Investments Limited,Colonial First State FirstChoice Superannuation Trust,Public offer,FirstChoice Employer Super - MySuper,Generic,Lifecycle,,14532499,0.13,171780,,-0.00034,Pass,10,-0.00146,0.00136,0.002482,,,,,,,,,,,,,,,,,,,,,,,,,,
Avanteos Investments Limited,Colonial First State FirstChoice Superannuation Trust,Public offer,FirstChoice Employer Super - MySuper,Generic,Lifecycle,CFS Lifestage (2005-2009),,,,0.94,,,,,,,,,,,,,,,,,,,0.1384,0.0094,0.0024,0.1378,0.0054,0.0024,0.0014,9.00E-04,5.00E-04,0.0112,0.0081,0.0071,0.0066,0.0063
Avanteos Investments Limited,Colonial First State FirstChoice Superannuation Trust,Public offer,FirstChoice Employer Super - MySuper,Generic,Lifecycle,CFS Lifestage (2000-2004),,,,0.94,,,,,,,,,,,0.0812,-0.0029,-0.0088,0.0787,0.1126,0.0065,0.001,0.1115,0.1332,0.0042,-0.0029,0.1326,0.0054,0.0024,0.0014,9.00E-04,5.00E-04,0.0113,0.0082,0.0072,0.0067,0.0064
Avanteos Investments Limited,Colonial First State FirstChoice Superannuation Trust,Public offer,FirstChoice Employer Super - MySuper,Generic,Lifecycle,CFS Lifestage (1995-1999),,,,0.94,,,,,,,0.082,-9.00E-04,-0.0056,0.0783,0.0821,-0.002,-0.008,0.0796,0.1131,0.0071,0.0015,0.112,0.1349,0.0059,-0.0011,0.1343,0.0054,0.0024,0.0014,9.00E-04,5.00E-04,0.0112,0.0082,0.0072,0.0066,0.0063
Avanteos Investments Limited,Colonial First State FirstChoice Superannuation Trust,Public offer,FirstChoice Employer Super - MySuper,Generic,Lifecycle,CFS Lifestage (1990-1994),,,,0.94,,,,,,,0.0816,-0.0013,-0.006,0.0779,0.0818,-0.0023,-0.0083,0.0793,0.1136,0.0076,0.002,0.1125,0.1356,0.0066,-5.00E-04,0.135,0.0054,0.0024,0.0014,9.00E-04,5.00E-04,0.0113,0.0082,0.0072,0.0067,0.0064
Avanteos Investments Limited,Colonial First State FirstChoice Superannuation Trust,Public offer,FirstChoice Employer Super - MySuper,Generic,Lifecycle,CFS Lifestage (1985-1989),,,,0.94,,,,,,,0.0818,-0.0011,-0.0058,0.0781,0.0821,-0.002,-0.0079,0.0796,0.1143,0.0083,0.0027,0.1132,0.1366,0.0076,6.00E-04,0.136,0.0054,0.0024,0.0014,9.00E-04,5.00E-04,0.0113,0.0083,0.0073,0.0068,0.0064
Avanteos Investments Limited,Colonial First State FirstChoice Superannuation Trust,Public offer,FirstChoice Employer Super - MySuper,Generic,Lifecycle,CFS Lifestage (1980-1984),,,,0.93,,,,,,,0.0815,-0.001,-0.0058,0.0778,0.0817,-0.0019,-0.0079,0.0792,0.1138,0.0086,0.0028,0.1127,0.1358,0.0082,9.00E-04,0.1352,0.0054,0.0024,0.0014,9.00E-04,5.00E-04,0.0114,0.0083,0.0073,0.0068,0.0065
Avanteos Investments Limited,Colonial First State FirstChoice Superannuation Trust,Public offer,FirstChoice Employer Super - MySuper,Generic,Lifecycle,CFS Lifestage (1975-1979),,,,0.89,,,,,,,0.0801,-0.0013,-0.0063,0.0764,0.0799,-0.0022,-0.0084,0.0774,0.1111,0.0081,0.002,0.11,0.1321,0.0082,3.00E-04,0.1315,0.0054,0.0024,0.0014,9.00E-04,5.00E-04,0.0114,0.0083,0.0073,0.0068,0.0065
Avanteos Investments Limited,Colonial First State FirstChoice Superannuation Trust,Public offer,FirstChoice Employer Super - MySuper,Generic,Lifecycle,CFS Lifestage (1970-1974),,,,0.83,,,,,,,0.0777,-0.0016,-0.0069,0.074,0.0758,-0.0031,-0.0099,0.0733,0.1045,0.0059,-0.001,0.1033,0.124,0.0076,-0.0016,0.1233,0.0054,0.0024,0.0014,9.00E-04,5.00E-04,0.0114,0.0083,0.0073,0.0068,0.0065
Avanteos Investments Limited,Colonial First State FirstChoice Superannuation Trust,Public offer,FirstChoice Employer Super - MySuper,Generic,Lifecycle,CFS Lifestage (1965-1969),,,,0.76,,,,,,,0.0724,-0.002,-0.0074,0.0686,0.0683,-0.0041,-0.0105,0.0657,0.0931,0.0045,-0.0019,0.0919,0.1145,0.0068,-0.002,0.1137,0.0054,0.0024,0.0014,9.00E-04,5.00E-04,0.0114,0.0084,0.0073,0.0068,0.0065
Avanteos Investments Limited,Colonial First State FirstChoice Superannuation Trust,Public offer,FirstChoice Employer Super - MySuper,Generic,Lifecycle,CFS Lifestage (1960-1964),,,,0.66,,,,,,,0.0562,-0.0028,-0.0104,0.0524,0.0511,-0.005,-0.0141,0.0484,0.0643,0.0011,-0.0094,0.0629,0.0874,0.0034,-0.0106,0.0865,0.0054,0.0024,0.0014,9.00E-04,5.00E-04,0.0115,0.0084,0.0074,0.0069,0.0066
Avanteos Investments Limited,Colonial First State FirstChoice Superannuation Trust,Public offer,FirstChoice Employer Super - MySuper,Generic,Lifecycle,CFS Lifestage (1955-1959),,,,0.6,,,,,,,0.0487,-0.0016,-0.01,0.0449,0.0473,-0.0032,-0.0121,0.0446,0.0565,9.00E-04,-0.0081,0.055,0.0846,0.0033,-0.0095,0.0837,0.0054,0.0024,0.0014,9.00E-04,5.00E-04,0.0114,0.0083,0.0073,0.0068,0.0065
Avanteos Investments Limited,Colonial First State FirstChoice Superannuation Trust,Public offer,FirstChoice Employer Super - MySuper,Generic,Lifecycle,CFS Lifestage (1950-1954),,,,0.6,,,,,,,0.0483,-0.0016,-0.0104,0.0445,0.047,-0.0035,-0.0124,0.0442,0.0558,2.00E-04,-0.0088,0.0544,0.0842,0.0028,-0.01,0.0833,0.0054,0.0024,0.0014,9.00E-04,5.00E-04,0.0114,0.0083,0.0073,0.0068,0.0065
Avanteos Investments Limited,Colonial First State FirstChoice Superannuation Trust,Public offer,FirstChoice Employer Super - MySuper,Generic,Lifecycle,CFS Lifestage (1945-1949),,,,0.6,,,,,,,0.0485,-0.0014,-0.0102,0.0447,0.0471,-0.0034,-0.0123,0.0444,0.056,4.00E-04,-0.0086,0.0546,0.0844,0.003,-0.0098,0.0835,0.0054,0.0024,0.0014,9.00E-04,5.00E-04,0.0115,0.0084,0.0074,0.0069,0.0066
Avanteos Investments Limited,Essential Super,Public offer,Essential Super - MySuper,Generic,Lifecycle,,5839589,0.88,128930,,0.00011,Pass,10,-0.00101,0.00136,0.002482,,,,,,,,,,,,,,,,,,,,,,,,,,
Avanteos Investments Limited,Essential Super,Public offer,Essential Super - MySuper,Generic,Lifecycle,Lifestage 2005-09 option,,,,0.94,,,,,,,,,,,,,,,,,,,,,,,0.0054,0.0024,0.0014,9.00E-04,5.00E-04,0.0112,0.0082,0.0072,0.0066,0.0063
Avanteos Investments Limited,Essential Super,Public offer,Essential Super - MySuper,Generic,Lifecycle,Lifestage 2000-04 option,,,,0.94,,,,,,,,,,,0.0846,3.00E-04,-0.0054,0.0823,0.116,0.01,0.0044,0.1146,0.1381,0.0092,0.0021,0.1375,0.0054,0.0024,0.0014,9.00E-04,5.00E-04,0.0112,0.0082,0.0072,0.0066,0.0063
Avanteos Investments Limited,Essential Super,Public offer,Essential Super - MySuper,Generic,Lifecycle,Lifestage 1995-99 option,,,,0.94,,,,,,,0.0821,5.00E-04,-0.0044,0.0791,0.0841,-2.00E-04,-0.0059,0.0819,0.1162,0.0102,0.0046,0.1148,0.138,0.009,0.0019,0.1373,0.0054,0.0024,0.0014,9.00E-04,5.00E-04,0.0112,0.0081,0.0071,0.0066,0.0063
Avanteos Investments Limited,Essential Super,Public offer,Essential Super - MySuper,Generic,Lifecycle,Lifestage 1990-94 option,,,,0.94,,,,,,,0.0817,0,-0.0048,0.0786,0.0835,-9.00E-04,-0.0066,0.0812,0.1155,0.0095,0.0039,0.1141,0.1378,0.0088,0.0017,0.1371,0.0054,0.0024,0.0014,9.00E-04,5.00E-04,0.0112,0.0081,0.0071,0.0066,0.0063
Avanteos Investments Limited,Essential Super,Public offer,Essential Super - MySuper,Generic,Lifecycle,Lifestage 1985-89 option,,,,0.94,,,,,,,0.0812,-5.00E-04,-0.0054,0.0781,0.083,-0.0014,-0.0071,0.0807,0.1157,0.0097,0.0041,0.1143,0.1384,0.0095,0.0024,0.1377,0.0054,0.0024,0.0014,9.00E-04,5.00E-04,0.0113,0.0082,0.0072,0.0067,0.0064
Avanteos Investments Limited,Essential Super,Public offer,Essential Super - MySuper,Generic,Lifecycle,Lifestage 1980-84 option,,,,0.93,,,,,,,0.0807,-6.00E-04,-0.0055,0.0776,0.0823,-0.0015,-0.0073,0.08,0.1151,0.0098,0.0041,0.1137,0.1366,0.0089,0.0016,0.1359,0.0054,0.0024,0.0014,9.00E-04,5.00E-04,0.0113,0.0082,0.0072,0.0067,0.0064
Avanteos Investments Limited,Essential Super,Public offer,Essential Super - MySuper,Generic,Lifecycle,Lifestage 1975-79 option,,,,0.89,,,,,,,0.0793,-9.00E-04,-0.006,0.0762,0.0803,-0.002,-0.008,0.0781,0.1118,0.0087,0.0027,0.1103,0.1336,0.0096,0.0018,0.1328,0.0054,0.0024,0.0014,9.00E-04,5.00E-04,0.0113,0.0082,0.0072,0.0067,0.0064
Avanteos Investments Limited,Essential Super,Public offer,Essential Super - MySuper,Generic,Lifecycle,Lifestage 1970-74 option,,,,0.83,,,,,,,0.0765,-0.0016,-0.007,0.0734,0.0763,-0.0029,-0.0094,0.0741,0.1051,0.0065,-3.00E-04,0.1037,0.1244,0.008,-0.0011,0.1237,0.0054,0.0024,0.0014,9.00E-04,5.00E-04,0.0113,0.0083,0.0072,0.0067,0.0064
Avanteos Investments Limited,Essential Super,Public offer,Essential Super - MySuper,Generic,Lifecycle,Lifestage 1965-69 option,,,,0.76,,,,,,,0.067,-0.0028,-0.0091,0.0639,0.068,-0.0041,-0.011,0.0657,0.0931,0.0045,-0.0019,0.0915,0.1154,0.0078,-0.001,0.1145,0.0054,0.0024,0.0014,9.00E-04,5.00E-04,0.0114,0.0084,0.0073,0.0068,0.0065
Avanteos Investments Limited,Essential Super,Public offer,Essential Super - MySuper,Generic,Lifecycle,Lifestage 1960-64 option,,,,0.66,,,,,,,0.0557,-0.003,-0.0108,0.0525,0.0519,-0.0044,-0.0135,0.0495,0.0642,0.001,-0.0095,0.0625,0.0876,0.0036,-0.0104,0.0867,0.0054,0.0024,0.0014,9.00E-04,5.00E-04,0.0114,0.0084,0.0074,0.0069,0.0066
Avanteos Investments Limited,Essential Super,Public offer,Essential Super - MySuper,Generic,Lifecycle,Lifestage 1955-59 option,,,,0.6,,,,,,,0.0476,-0.0024,-0.0111,0.0444,0.0474,-0.0031,-0.0121,0.0449,0.0563,7.00E-04,-0.0083,0.0545,0.0853,0.0039,-0.0089,0.0843,0.0054,0.0024,0.0014,9.00E-04,5.00E-04,0.0113,0.0083,0.0073,0.0068,0.0064
Avanteos Investments Limited,Essential Super,Public offer,Essential Super - MySuper,Generic,Lifecycle,Lifestage 1950-54 option,,,,0.6,,,,,,,0.0476,-0.0023,-0.0111,0.0445,0.0475,-0.0031,-0.0121,0.0449,0.0566,0.001,-0.008,0.0548,0.0853,0.0039,-0.0089,0.0843,0.0054,0.0024,0.0014,9.00E-04,5.00E-04,0.0114,0.0083,0.0073,0.0068,0.0065
Avanteos Investments Limited,Essential Super,Public offer,Essential Super - MySuper,Generic,Lifecycle,Lifestage 1945-49 option,,,,0.6,,,,,,,0.0481,-0.0019,-0.0106,0.0449,0.0478,-0.0028,-0.0118,0.0452,0.0561,5.00E-04,-0.0085,0.0543,0.0849,0.0036,-0.0092,0.084,0.0054,0.0024,0.0014,9.00E-04,5.00E-04,0.0114,0.0083,0.0073,0.0068,0.0065
Aware Super Pty Ltd,Aware Super,Public offer,Aware MySuper (Accumulation),Generic,Lifecycle,,108245318,0.54,905100,,0.00394,Pass,10,0.00399,0.00253,0.002482,,,,,,,,,,,,,,,,,,,,,,,,,,
Aware Super Pty Ltd,Aware Super,Public offer,Aware MySuper (Accumulation),Generic,Lifecycle,Grow - Age 55 and under,,,,0.89,,,,,,,0.08,0.0043,0.0015,0.0772,0.0801,0.0027,-0.0011,0.0774,0.0946,0.0029,-0.0023,0.0918,0.1123,-0.0052,-0.0175,0.1095,0.0067,0.0036,0.0025,0.002,0.0017,0.0132,0.0101,0.0091,0.0086,0.0083
Aware Super Pty Ltd,Aware Super,Public offer,Aware MySuper (Accumulation),Generic,Lifecycle,Manage - Age 56,,,,0.86,,,,,,,0.0792,0.0045,0.0016,0.0765,0.079,0.003,-0.001,0.0762,0.093,0.0033,-0.0021,0.0902,0.1099,-0.0045,-0.0168,0.1072,0.0067,0.0036,0.0025,0.002,0.0017,0.0131,0.01,0.009,0.0085,0.0081
Aware Super Pty Ltd,Aware Super,Public offer,Aware MySuper (Accumulation),Generic,Lifecycle,Manage - Age 57,,,,0.84,,,,,,,0.0784,0.0048,0.0017,0.0757,0.0779,0.0033,-8.00E-04,0.0751,0.0914,0.0038,-0.0019,0.0886,0.1076,-0.0037,-0.0162,0.1048,0.0067,0.0036,0.0025,0.002,0.0017,0.013,0.0099,0.0088,0.0083,0.008
Aware Super Pty Ltd,Aware Super,Public offer,Aware MySuper (Accumulation),Generic,Lifecycle,Manage - Age 58,,,,0.81,,,,,,,0.0776,0.005,0.0018,0.0749,0.0768,0.0036,-7.00E-04,0.074,0.0898,0.0042,-0.0017,0.087,0.1052,-0.003,-0.0155,0.1025,0.0067,0.0036,0.0025,0.002,0.0017,0.0129,0.0097,0.0087,0.0082,0.0079
Aware Super Pty Ltd,Aware Super,Public offer,Aware MySuper (Accumulation),Generic,Lifecycle,Manage - Age 59,,,,0.79,,,,,,,0.0768,0.0052,0.0019,0.0741,0.0756,0.0039,-6.00E-04,0.0729,0.0882,0.0046,-0.0015,0.0854,0.1029,-0.0022,-0.0149,0.1002,0.0067,0.0036,0.0025,0.002,0.0017,0.0127,0.0096,0.0086,0.0081,0.0077
Aware Super Pty Ltd,Aware Super,Public offer,Aware MySuper (Accumulation),Generic,Lifecycle,Manage - Age 60,,,,0.76,,,,,,,0.0667,0.0027,-0.0011,0.0639,0.0657,4.00E-04,-0.0048,0.0629,0.0758,0.0018,-0.0046,0.0729,0.1006,-0.0015,-0.0142,0.0978,0.0067,0.0036,0.0025,0.002,0.0017,0.0126,0.0095,0.0084,0.0079,0.0076
Aware Super Pty Ltd,Aware Super,Public offer,Aware MySuper (Accumulation),Generic,Lifecycle,Manage - Age 61,,,,0.73,,,,,,,0.0657,0.0029,-9.00E-04,0.0629,0.0642,6.00E-04,-0.0046,0.0615,0.0737,0.0022,-0.0043,0.0709,0.0968,-9.00E-04,-0.0139,0.094,0.0067,0.0036,0.0025,0.002,0.0017,0.0125,0.0094,0.0083,0.0078,0.0075
Aware Super Pty Ltd,Aware Super,Public offer,Aware MySuper (Accumulation),Generic,Lifecycle,Manage - Age 62,,,,0.7,,,,,,,0.0646,0.003,-8.00E-04,0.0619,0.0628,9.00E-04,-0.0044,0.06,0.0717,0.0025,-0.004,0.0688,0.093,-4.00E-04,-0.0135,0.0903,0.0067,0.0036,0.0025,0.002,0.0017,0.0124,0.0093,0.0082,0.0077,0.0074
Aware Super Pty Ltd,Aware Super,Public offer,Aware MySuper (Accumulation),Generic,Lifecycle,Manage - Age 63,,,,0.67,,,,,,,0.0636,0.0032,-6.00E-04,0.0609,0.0613,0.0011,-0.0042,0.0586,0.0696,0.0028,-0.0037,0.0668,0.0892,2.00E-04,-0.0132,0.0865,0.0067,0.0036,0.0025,0.002,0.0017,0.0123,0.0092,0.0081,0.0076,0.0073
Aware Super Pty Ltd,Aware Super,Public offer,Aware MySuper (Accumulation),Generic,Lifecycle,Manage - Age 64,,,,0.64,,,,,,,0.0626,0.0034,-5.00E-04,0.0599,0.0598,0.0013,-0.004,0.0571,0.0675,0.0032,-0.0034,0.0647,0.0855,7.00E-04,-0.0129,0.0827,0.0067,0.0036,0.0025,0.002,0.0017,0.0122,0.009,0.008,0.0075,0.0072
Aware Super Pty Ltd,Aware Super,Public offer,Aware MySuper (Accumulation),Generic,Lifecycle,Enjoy - Age 65 and over,,,,0.61,,,,,,,0.0616,0.0035,-3.00E-04,0.0588,0.0584,0.0016,-0.0038,0.0556,0.0655,0.0035,-0.0031,0.0627,0.0817,0.0012,-0.0126,0.079,0.0067,0.0036,0.0025,0.002,0.0017,0.012,0.0089,0.0079,0.0074,0.0071
Bendigo Superannuation Pty Ltd,The Bendigo Superannuation Plan,Public offer,Bendigo MySuper,Generic,Lifecycle,,551504,0.37,9690,,-0.00213,Pass,10,-0.00278,0.00183,0.002482,,,,,,,,,,,,,,,,,,,,,,,,,,
Bendigo Superannuation Pty Ltd,The Bendigo Superannuation Plan,Public offer,Bendigo MySuper,Generic,Lifecycle,Bendigo Growth Index Fund - MySuper,,,,0.82,,,,,,,0.0732,-0.0038,-0.0068,0.0714,0.0727,-0.0048,-0.0084,0.0709,0.0887,-0.0039,-0.0092,0.0868,0.1064,-0.0137,-0.0156,0.1044,0.0085,0.0035,0.0018,0.001,5.00E-04,0.0131,0.0081,0.0064,0.0056,0.0051
Bendigo Superannuation Pty Ltd,The Bendigo Superannuation Plan,Public offer,Bendigo MySuper,Generic,Lifecycle,Bendigo Balanced Index Fund - MySuper,,,,0.66,,,,,,,0.0599,-0.0022,-0.0081,0.0581,0.0598,-0.0018,-0.0082,0.058,0.0687,-4.00E-04,-0.0089,0.0669,0.0904,-0.0061,-0.0111,0.0884,0.0085,0.0035,0.0018,0.001,5.00E-04,0.0129,0.0079,0.0062,0.0054,0.0049
Bendigo Superannuation Pty Ltd,The Bendigo Superannuation Plan,Public offer,Bendigo MySuper,Generic,Lifecycle,Bendigo Conservative Index Fund - MySuper,,,,0.49,,,,,,,0.0469,-2.00E-04,-0.0089,0.0451,0.0466,8.00E-04,-0.008,0.0448,0.0486,0.002,-0.0091,0.0468,0.0715,-0.0018,-0.0099,0.0696,0.0085,0.0035,0.0018,0.001,5.00E-04,0.0127,0.0077,0.006,0.0052,0.0047
Brighter Super Trustee,Brighter Super Fund,Public offer,Accumulation - MySuper,Generic,Single strategy,,16187090,0.44,133660,0.78,0.00318,Pass,10,0.00228,0.00158,0.002482,0.0723,0.0023,-0.0032,0.0699,0.0696,0.0015,-0.0066,0.0672,0.0828,0.0052,-0.0077,0.0802,0.1027,0.0065,-0.0142,0.101,0.0025,0.0018,0.0016,0.0015,0.0014,0.0079,0.0072,0.007,0.0069,0.0068
BUSS (Queensland) Pty Ltd,Building Unions Superannuation Scheme (Queensland),Public offer,MySuper,Generic,Single strategy,,5752720,0.63,64870,0.76,-0.00111,Pass,10,0.00023,0.00382,0.002482,0.0715,2.00E-04,-0.0045,0.0675,0.065,-0.0028,-0.0113,0.0608,0.0758,-0.0025,-0.0147,0.0714,0.0874,-0.0042,-0.0264,0.0831,0.0111,0.0056,0.0038,0.0029,0.0024,0.0187,0.0132,0.0114,0.0105,0.01
CareSuper Pty Ltd,CareSuper,Public offer,SPIRIT SUPER - MYSUPER,Generic,Single strategy,,42477888,0.73,546060,0.71,0.006,Pass,10,0.00658,0.00306,0.002482,0.074,0.0066,0.0013,0.0698,0.0685,0.0038,-0.0052,0.064,0.0822,0.0087,-0.0045,0.0773,0.0872,-4.00E-04,-0.0227,0.0815,0.0088,0.0045,0.0031,0.0023,0.0019,0.0154,0.0111,0.0097,0.0089,0.0085
Commonwealth Superannuation Corporation,Australian Defence Force Superannuation Scheme,Non-public offer,ADF MySuper,Generic,Single strategy,,2221082,0.71,38410,0.69,0.00684,Pass,8.75,0.00582,0.00146,0.002482,,,,,0.0682,0.0047,-0.0011,0.0668,0.0836,0.0105,0.0035,0.082,0.0945,-0.0021,-0.0128,0.0929,0.0053,0.0024,0.0015,0.001,7.00E-04,0.0129,0.01,0.0091,0.0086,0.0083
Commonwealth Superannuation Corporation,Public Sector Superannuation Accumulation Plan,Non-public offer,PSSap MySuper,Generic,Single strategy,,22633724,0.67,149400,0.69,0.00626,Pass,10,0.00523,0.00146,0.002482,0.0688,0.0052,0.0016,0.0675,0.0693,0.0058,0,0.0678,0.0846,0.0116,0.0045,0.0831,0.0957,-9.00E-04,-0.0115,0.0942,0.0053,0.0024,0.0015,0.001,7.00E-04,0.0128,0.01,0.009,0.0085,0.0082
Diversa Trustees Limited,OneSuper,Public offer,Superhero Super MySuper,Generic,Single strategy,,181175,0.02,3430,0.81,-0.00227,Pass,10,0.00251,0.00726,0.002482,0.0693,0.0025,-0.0041,0.063,0.0724,0.0016,-0.0047,0.0661,0.0838,0.0018,-0.0085,0.0775,0.1086,0.003,-0.0092,0.1019,0.0083,0.0075,0.0073,0.0071,0.0071,0.0114,0.0107,0.0104,0.0103,0.0102
Equity Trustees Superannuation Limited,Guild Retirement Fund,Public offer,Guild Super MySuper Lifecycle,Generic,Lifecycle,,3267421,0.8,93270,,-0.00257,Pass,10,-0.00179,0.00326,0.002482,,,,,,,,,,,,,,,,,,,,,,,,,,
Equity Trustees Superannuation Limited,Guild Retirement Fund,Public offer,Guild Super MySuper Lifecycle,Generic,Lifecycle,Building,,,,0.98,,,,,,,0.0852,-0.0062,-0.0069,0.0817,0.0849,-0.0084,-0.0099,0.0813,0.1093,-0.0056,-0.0085,0.1056,0.1316,-0.0083,-0.0092,0.1278,0.0103,0.005,0.0033,0.0024,0.0018,0.0142,0.0089,0.0072,0.0063,0.0057
Equity Trustees Superannuation Limited,Guild Retirement Fund,Public offer,Guild Super MySuper Lifecycle,Generic,Lifecycle,Growing,,,,0.86,,,,,,,0.0788,-0.0025,-0.007,0.0754,0.0829,-0.0025,-0.0079,0.0793,0.1021,-0.0023,-0.0077,0.0983,0.1155,-0.0048,-0.0139,0.1117,0.0103,0.005,0.0033,0.0024,0.0018,0.0155,0.0102,0.0085,0.0076,0.007
Equity Trustees Superannuation Limited,Guild Retirement Fund,Public offer,Guild Super MySuper Lifecycle,Generic,Lifecycle,Consolidating,,,,0.67,,,,,,,0.0619,-0.0012,-0.0072,0.0585,0.065,-0.0016,-0.0073,0.0615,0.0739,0,-0.0079,0.0703,0.0899,-0.001,-0.0144,0.0863,0.0103,0.005,0.0033,0.0024,0.0018,0.0157,0.0104,0.0087,0.0078,0.0072
Equity Trustees Superannuation Limited,Smart Future Trust,Public offer,smartMonday PRIME - MySuper,Generic,Lifecycle,,3372062,0.34,42740,,-6.00E-04,Pass,10,0.00199,0.00507,0.002482,,,,,,,,,,,,,,,,,,,,,,,,,,
Equity Trustees Superannuation Limited,Smart Future Trust,Public offer,smartMonday PRIME - MySuper,Generic,Lifecycle,smartMonday Lifecycle Under 35,,,,0.87,,,,,,,0.0847,0.0021,-0.0011,0.0753,0.083,0.0021,-0.0021,0.0722,0.0996,0.0013,-0.0047,0.087,0.1184,-0.0021,-0.0085,0.1128,0.01,0.0063,0.0051,0.0045,0.0041,0.013,0.0093,0.0081,0.0075,0.0071
Equity Trustees Superannuation Limited,Smart Future Trust,Public offer,smartMonday PRIME - MySuper,Generic,Lifecycle,smartMonday Lifecycle 36,,,,0.87,,,,,,,0.0846,0.0021,-0.0012,0.0752,0.0828,0.0021,-0.0021,0.0721,0.0993,0.0014,-0.0047,0.0867,0.1182,-0.002,-0.0085,0.1126,0.01,0.0063,0.0051,0.0045,0.0041,0.013,0.0093,0.0081,0.0075,0.0071
Equity Trustees Superannuation Limited,Smart Future Trust,Public offer,smartMonday PRIME - MySuper,Generic,Lifecycle,smartMonday Lifecycle 37,,,,0.86,,,,,,,0.0843,0.0022,-0.0011,0.0749,0.0824,0.0023,-0.0021,0.0717,0.0985,0.0016,-0.0048,0.086,0.1176,-0.0018,-0.0084,0.1121,0.01,0.0063,0.0051,0.0045,0.0041,0.013,0.0093,0.0081,0.0075,0.0071
Equity Trustees Superannuation Limited,Smart Future Trust,Public offer,smartMonday PRIME - MySuper,Generic,Lifecycle,smartMonday Lifecycle 38,,,,0.85,,,,,,,0.0839,0.0022,-0.0013,0.0745,0.0818,0.0022,-0.0022,0.0712,0.0976,0.0016,-0.005,0.0852,0.117,-0.0017,-0.0085,0.1115,0.01,0.0063,0.0051,0.0045,0.0041,0.013,0.0093,0.0081,0.0075,0.0071
Equity Trustees Superannuation Limited,Smart Future Trust,Public offer,smartMonday PRIME - MySuper,Generic,Lifecycle,smartMonday Lifecycle 39,,,,0.85,,,,,,,0.0834,0.0022,-0.0014,0.0741,0.0811,0.0022,-0.0024,0.0706,0.0966,0.0015,-0.0053,0.0843,0.1163,-0.0017,-0.0086,0.1108,0.01,0.0063,0.0051,0.0045,0.0041,0.013,0.0093,0.0081,0.0075,0.0071
Equity Trustees Superannuation Limited,Smart Future Trust,Public offer,smartMonday PRIME - MySuper,Generic,Lifecycle,smartMonday Lifecycle 40,,,,0.84,,,,,,,0.083,0.0022,-0.0015,0.0738,0.0806,0.0022,-0.0025,0.0701,0.0957,0.0016,-0.0054,0.0834,0.1157,-0.0015,-0.0086,0.1102,0.01,0.0063,0.0051,0.0045,0.0041,0.013,0.0093,0.0081,0.0075,0.0071
Equity Trustees Superannuation Limited,Smart Future Trust,Public offer,smartMonday PRIME - MySuper,Generic,Lifecycle,smartMonday Lifecycle 41,,,,0.84,,,,,,,0.0826,0.0022,-0.0016,0.0734,0.08,0.0022,-0.0027,0.0695,0.0947,0.0016,-0.0057,0.0825,0.115,-0.0015,-0.0087,0.1095,0.01,0.0063,0.0051,0.0045,0.0041,0.013,0.0093,0.0081,0.0075,0.0071
Equity Trustees Superannuation Limited,Smart Future Trust,Public offer,smartMonday PRIME - MySuper,Generic,Lifecycle,smartMonday Lifecycle 42,,,,0.83,,,,,,,0.0821,0.0022,-0.0017,0.073,0.0793,0.0022,-0.0029,0.0689,0.0936,0.0016,-0.0059,0.0815,0.1142,-0.0014,-0.0088,0.1088,0.01,0.0063,0.0051,0.0045,0.0041,0.013,0.0093,0.0081,0.0075,0.0071
Equity Trustees Superannuation Limited,Smart Future Trust,Public offer,smartMonday PRIME - MySuper,Generic,Lifecycle,smartMonday Lifecycle 43,,,,0.83,,,,,,,0.0809,0.0021,-0.002,0.0718,0.0787,0.0022,-0.003,0.0683,0.0927,0.0017,-0.0061,0.0807,0.1136,-0.0013,-0.0088,0.1081,0.01,0.0063,0.0051,0.0044,0.0041,0.013,0.0093,0.0081,0.0075,0.0071
Equity Trustees Superannuation Limited,Smart Future Trust,Public offer,smartMonday PRIME - MySuper,Generic,Lifecycle,smartMonday Lifecycle 44,,,,0.82,,,,,,,0.0797,0.0021,-0.0023,0.0706,0.078,0.0022,-0.0032,0.0677,0.0915,0.0017,-0.0064,0.0796,0.1128,-0.0012,-0.0089,0.1073,0.01,0.0063,0.0051,0.0044,0.0041,0.013,0.0094,0.0081,0.0075,0.0072
Equity Trustees Superannuation Limited,Smart Future Trust,Public offer,smartMonday PRIME - MySuper,Generic,Lifecycle,smartMonday Lifecycle 45,,,,0.81,,,,,,,0.0784,0.0021,-0.0025,0.0694,0.0773,0.0022,-0.0033,0.0671,0.0905,0.0017,-0.0066,0.0787,0.112,-0.0011,-0.009,0.1066,0.01,0.0063,0.0051,0.0044,0.0041,0.013,0.0094,0.0081,0.0075,0.0072
Equity Trustees Superannuation Limited,Smart Future Trust,Public offer,smartMonday PRIME - MySuper,Generic,Lifecycle,smartMonday Lifecycle 46,,,,0.81,,,,,,,0.0772,0.0021,-0.0028,0.0682,0.0766,0.0022,-0.0035,0.0665,0.0894,0.0018,-0.0069,0.0776,0.1113,-0.001,-0.009,0.1058,0.01,0.0063,0.0051,0.0044,0.0041,0.013,0.0094,0.0081,0.0075,0.0072
Equity Trustees Superannuation Limited,Smart Future Trust,Public offer,smartMonday PRIME - MySuper,Generic,Lifecycle,smartMonday Lifecycle 47,,,,0.8,,,,,,,0.0759,0.002,-0.0031,0.067,0.0759,0.0022,-0.0037,0.0658,0.0883,0.0018,-0.0071,0.0767,0.1105,-9.00E-04,-0.0091,0.1051,0.01,0.0063,0.0051,0.0044,0.0041,0.013,0.0094,0.0081,0.0075,0.0072
Equity Trustees Superannuation Limited,Smart Future Trust,Public offer,smartMonday PRIME - MySuper,Generic,Lifecycle,smartMonday Lifecycle 48,,,,0.79,,,,,,,0.0747,0.002,-0.0034,0.0658,0.0752,0.0022,-0.0038,0.0652,0.0871,0.0019,-0.0073,0.0755,0.1097,-8.00E-04,-0.0092,0.1043,0.01,0.0063,0.0051,0.0044,0.0041,0.013,0.0094,0.0081,0.0075,0.0072
Equity Trustees Superannuation Limited,Smart Future Trust,Public offer,smartMonday PRIME - MySuper,Generic,Lifecycle,smartMonday Lifecycle 49,,,,0.79,,,,,,,0.0734,0.002,-0.0037,0.0645,0.0744,0.0022,-0.004,0.0645,0.0859,0.0019,-0.0076,0.0745,0.1089,-7.00E-04,-0.0093,0.1034,0.01,0.0063,0.0051,0.0044,0.0041,0.0131,0.0094,0.0082,0.0075,0.0072
Equity Trustees Superannuation Limited,Smart Future Trust,Public offer,smartMonday PRIME - MySuper,Generic,Lifecycle,smartMonday Lifecycle 50,,,,0.78,,,,,,,0.072,0.0019,-0.004,0.0632,0.0736,0.0022,-0.0042,0.0637,0.0847,0.002,-0.0079,0.0733,0.1081,-5.00E-04,-0.0093,0.1026,0.01,0.0063,0.0051,0.0044,0.0041,0.0131,0.0094,0.0082,0.0075,0.0072
Equity Trustees Superannuation Limited,Smart Future Trust,Public offer,smartMonday PRIME - MySuper,Generic,Lifecycle,smartMonday Lifecycle 51,,,,0.77,,,,,,,0.0707,0.0019,-0.0043,0.0619,0.0728,0.0022,-0.0044,0.063,0.0834,0.002,-0.0082,0.0721,0.1071,-5.00E-04,-0.0094,0.1017,0.01,0.0063,0.0051,0.0044,0.0041,0.0131,0.0094,0.0082,0.0076,0.0072
Equity Trustees Superannuation Limited,Smart Future Trust,Public offer,smartMonday PRIME - MySuper,Generic,Lifecycle,smartMonday Lifecycle 52,,,,0.76,,,,,,,0.0693,0.0018,-0.0046,0.0606,0.0719,0.0022,-0.0046,0.0621,0.082,0.0021,-0.0085,0.0708,0.1062,-2.00E-04,-0.0094,0.1007,0.0099,0.0063,0.0051,0.0044,0.0041,0.0131,0.0094,0.0082,0.0076,0.0072
Equity Trustees Superannuation Limited,Smart Future Trust,Public offer,smartMonday PRIME - MySuper,Generic,Lifecycle,smartMonday Lifecycle 53,,,,0.76,,,,,,,0.0678,0.0018,-0.0049,0.0592,0.071,0.0022,-0.0048,0.0614,0.0806,0.0021,-0.0088,0.0696,0.1052,-2.00E-04,-0.0096,0.0998,0.0099,0.0063,0.0051,0.0044,0.0041,0.0131,0.0094,0.0082,0.0076,0.0072
Equity Trustees Superannuation Limited,Smart Future Trust,Public offer,smartMonday PRIME - MySuper,Generic,Lifecycle,smartMonday Lifecycle 54,,,,0.75,,,,,,,0.0664,0.0018,-0.0052,0.0578,0.0701,0.0022,-0.005,0.0605,0.0792,0.0022,-0.0091,0.0682,0.1042,0,-0.0096,0.0988,0.0099,0.0063,0.0051,0.0044,0.0041,0.0131,0.0094,0.0082,0.0076,0.0072
Equity Trustees Superannuation Limited,Smart Future Trust,Public offer,smartMonday PRIME - MySuper,Generic,Lifecycle,smartMonday Lifecycle 55,,,,0.74,,,,,,,0.0649,0.0018,-0.0056,0.0564,0.0691,0.0022,-0.0052,0.0596,0.0776,0.0022,-0.0094,0.0668,0.1031,2.00E-04,-0.0097,0.0977,0.0099,0.0063,0.0051,0.0044,0.0041,0.0131,0.0094,0.0082,0.0076,0.0072
Equity Trustees Superannuation Limited,Smart Future Trust,Public offer,smartMonday PRIME - MySuper,Generic,Lifecycle,smartMonday Lifecycle 56,,,,0.73,,,,,,,0.0634,0.0017,-0.0059,0.055,0.068,0.0022,-0.0055,0.0586,0.0759,0.0022,-0.0099,0.0652,0.1019,2.00E-04,-0.0099,0.0965,0.0099,0.0063,0.005,0.0044,0.0041,0.0131,0.0094,0.0082,0.0076,0.0072
Equity Trustees Superannuation Limited,Smart Future Trust,Public offer,smartMonday PRIME - MySuper,Generic,Lifecycle,smartMonday Lifecycle 57,,,,0.72,,,,,,,0.0618,0.0017,-0.0063,0.0534,0.0668,0.0022,-0.0057,0.0575,0.0742,0.0023,-0.0102,0.0636,0.1007,4.00E-04,-0.01,0.0954,0.0099,0.0063,0.005,0.0044,0.0041,0.0131,0.0094,0.0082,0.0076,0.0072
Equity Trustees Superannuation Limited,Smart Future Trust,Public offer,smartMonday PRIME - MySuper,Generic,Lifecycle,smartMonday Lifecycle 58,,,,0.71,,,,,,,0.0601,0.0017,-0.0067,0.0519,0.0656,0.0022,-0.006,0.0564,0.0723,0.0024,-0.0106,0.0619,0.0995,6.00E-04,-0.0101,0.0941,0.0099,0.0063,0.005,0.0044,0.0041,0.0131,0.0094,0.0082,0.0076,0.0072
Equity Trustees Superannuation Limited,Smart Future Trust,Public offer,smartMonday PRIME - MySuper,Generic,Lifecycle,smartMonday Lifecycle 59,,,,0.7,,,,,,,0.0584,0.0016,-0.007,0.0502,0.0643,0.0023,-0.0063,0.0552,0.0703,0.0025,-0.011,0.0601,0.0981,8.00E-04,-0.0102,0.0927,0.0099,0.0063,0.005,0.0044,0.0041,0.0131,0.0095,0.0082,0.0076,0.0072
Equity Trustees Superannuation Limited,Smart Future Trust,Public offer,smartMonday PRIME - MySuper,Generic,Lifecycle,smartMonday Lifecycle 60,,,,0.68,,,,,,,0.0567,0.0017,-0.0074,0.0486,0.063,0.0023,-0.0065,0.054,0.0682,0.0026,-0.0114,0.0581,0.0967,0.0011,-0.0102,0.0912,0.0099,0.0063,0.005,0.0044,0.0041,0.0131,0.0095,0.0082,0.0076,0.0073
Equity Trustees Superannuation Limited,Smart Future Trust,Public offer,smartMonday PRIME - MySuper,Generic,Lifecycle,smartMonday Lifecycle 61,,,,0.67,,,,,,,0.0548,0.0016,-0.0078,0.0468,0.0614,0.0024,-0.0069,0.0526,0.0659,0.0027,-0.012,0.056,0.0949,0.0012,-0.0105,0.0896,0.0099,0.0063,0.005,0.0044,0.0041,0.0131,0.0095,0.0082,0.0076,0.0073
Equity Trustees Superannuation Limited,Smart Future Trust,Public offer,smartMonday PRIME - MySuper,Generic,Lifecycle,smartMonday Lifecycle 62,,,,0.66,,,,,,,0.0529,0.0016,-0.0083,0.045,0.0598,0.0023,-0.0073,0.0511,0.0634,0.0028,-0.0125,0.0538,0.0932,0.0015,-0.0107,0.0879,0.0099,0.0063,0.005,0.0044,0.0041,0.0132,0.0095,0.0083,0.0076,0.0073
Equity Trustees Superannuation Limited,Smart Future Trust,Public offer,smartMonday PRIME - MySuper,Generic,Lifecycle,smartMonday Lifecycle 63,,,,0.64,,,,,,,0.0508,0.0016,-0.0087,0.043,0.058,0.0025,-0.0076,0.0494,0.0606,0.0029,-0.0131,0.0512,0.0914,0.0019,-0.0107,0.086,0.0099,0.0063,0.005,0.0044,0.0041,0.0132,0.0095,0.0083,0.0077,0.0073
Equity Trustees Superannuation Limited,Smart Future Trust,Public offer,smartMonday PRIME - MySuper,Generic,Lifecycle,smartMonday Lifecycle 64,,,,0.62,,,,,,,0.0486,0.0016,-0.0091,0.0409,0.056,0.0025,-0.008,0.0475,0.0576,0.0031,-0.0137,0.0483,0.0893,0.0021,-0.0109,0.0839,0.0099,0.0063,0.005,0.0044,0.0041,0.0132,0.0095,0.0083,0.0077,0.0073
Equity Trustees Superannuation Limited,Smart Future Trust,Public offer,smartMonday PRIME - MySuper,Generic,Lifecycle,smartMonday Lifecycle 65,,,,0.6,,,,,,,0.0464,0.0016,-0.0097,0.0388,0.0539,0.0025,-0.0086,0.0457,0.0546,0.003,-0.0145,0.0456,0.0871,0.0023,-0.0112,0.0818,0.0099,0.0063,0.005,0.0044,0.0041,0.0132,0.0095,0.0083,0.0077,0.0073
Equity Trustees Superannuation Limited,Smart Future Trust,Public offer,smartMonday PRIME - MySuper,Generic,Lifecycle,smartMonday Lifecycle 66,,,,0.6,,,,,,,0.0448,0.0012,-0.0102,0.0373,0.0529,0.0021,-0.0091,0.0447,0.0533,0.0027,-0.0151,0.0444,0.0862,0.002,-0.0116,0.0808,0.0099,0.0063,0.005,0.0044,0.0041,0.0132,0.0095,0.0083,0.0077,0.0073
Equity Trustees Superannuation Limited,Smart Future Trust,Public offer,smartMonday PRIME - MySuper,Generic,Lifecycle,smartMonday Lifecycle 67,,,,0.59,,,,,,,0.0436,0.0012,-0.0105,0.0361,0.0523,0.0021,-0.0093,0.0442,0.0523,0.0026,-0.0153,0.0435,0.0855,0.002,-0.0117,0.0802,0.0099,0.0063,0.005,0.0044,0.0041,0.0132,0.0095,0.0083,0.0077,0.0073
Equity Trustees Superannuation Limited,Smart Future Trust,Public offer,smartMonday PRIME - MySuper,Generic,Lifecycle,smartMonday Lifecycle 68,,,,0.59,,,,,,,0.0432,0.0012,-0.0106,0.0357,0.0517,0.0021,-0.0094,0.0436,0.0515,0.0027,-0.0155,0.0426,0.0849,0.0022,-0.0117,0.0795,0.0099,0.0063,0.005,0.0044,0.0041,0.0132,0.0095,0.0083,0.0077,0.0073
Equity Trustees Superannuation Limited,Smart Future Trust,Public offer,smartMonday PRIME - MySuper,Generic,Lifecycle,smartMonday Lifecycle 69,,,,0.58,,,,,,,0.0427,0.0012,-0.0107,0.0353,0.051,0.0021,-0.0096,0.043,0.0505,0.0027,-0.0157,0.0418,0.0843,0.0022,-0.0118,0.0789,0.0099,0.0063,0.005,0.0044,0.0041,0.0132,0.0095,0.0083,0.0077,0.0073
Equity Trustees Superannuation Limited,Smart Future Trust,Public offer,smartMonday PRIME - MySuper,Generic,Lifecycle,smartMonday Lifecycle 70,,,,0.58,,,,,,,0.0423,0.0012,-0.0108,0.0349,0.0504,0.0021,-0.0097,0.0425,0.0497,0.0028,-0.0159,0.041,0.0836,0.0023,-0.0119,0.0783,0.0099,0.0063,0.005,0.0044,0.0041,0.0132,0.0095,0.0083,0.0077,0.0073
Equity Trustees Superannuation Limited,Smart Future Trust,Public offer,smartMonday PRIME - MySuper,Generic,Lifecycle,smartMonday Lifecycle 71,,,,0.57,,,,,,,0.0419,0.0012,-0.0109,0.0345,0.0498,0.0021,-0.0098,0.0419,0.0487,0.0027,-0.0161,0.0402,0.083,0.0023,-0.012,0.0776,0.0099,0.0063,0.005,0.0044,0.0041,0.0132,0.0096,0.0083,0.0077,0.0073
Equity Trustees Superannuation Limited,Smart Future Trust,Public offer,smartMonday PRIME - MySuper,Generic,Lifecycle,smartMonday Lifecycle 72,,,,0.57,,,,,,,0.0415,0.0012,-0.011,0.0342,0.0492,0.0021,-0.01,0.0414,0.0479,0.0027,-0.0164,0.0394,0.0823,0.0023,-0.0121,0.077,0.0099,0.0063,0.005,0.0044,0.0041,0.0132,0.0096,0.0083,0.0077,0.0073
Equity Trustees Superannuation Limited,Smart Future Trust,Public offer,smartMonday PRIME - MySuper,Generic,Lifecycle,smartMonday Lifecycle 73,,,,0.56,,,,,,,0.0411,0.0013,-0.0111,0.0337,0.0486,0.0022,-0.0101,0.0408,0.047,0.0028,-0.0165,0.0385,0.0817,0.0025,-0.0121,0.0764,0.0099,0.0063,0.005,0.0044,0.004,0.0132,0.0096,0.0083,0.0077,0.0074
Equity Trustees Superannuation Limited,Smart Future Trust,Public offer,smartMonday PRIME - MySuper,Generic,Lifecycle,smartMonday Lifecycle 74,,,,0.56,,,,,,,0.0406,0.0012,-0.0112,0.0333,0.048,0.0021,-0.0103,0.0402,0.046,0.0028,-0.0167,0.0376,0.081,0.0025,-0.0122,0.0757,0.0099,0.0063,0.005,0.0044,0.004,0.0132,0.0096,0.0083,0.0077,0.0074
Equity Trustees Superannuation Limited,Smart Future Trust,Public offer,smartMonday PRIME - MySuper,Generic,Lifecycle,smartMonday Lifecycle Over 75,,,,0.55,,,,,,,0.0402,0.0012,-0.0113,0.0329,0.0474,0.0021,-0.0104,0.0396,0.0451,0.0028,-0.0169,0.0368,0.0804,0.0026,-0.0123,0.0751,0.0099,0.0063,0.005,0.0044,0.004,0.0132,0.0096,0.0083,0.0077,0.0074
First Super Pty Limited,First Super,Public offer,Balanced - accumulation,Generic,Single strategy,,3881999,0.81,73570,0.76,0.01274,Pass,10,0.01361,0.00335,0.002482,0.0796,0.0136,0.0077,0.0733,0.0769,0.0132,0.004,0.0691,0.0992,0.0274,0.0143,0.0894,0.1153,0.0233,0.0019,0.0999,0.0111,0.0053,0.0034,0.0024,0.0018,0.0186,0.0127,0.0108,0.0098,0.0092
H.E.S.T. Australia Ltd.,HESTA,Public offer,HESTA MySuper,Generic,Single strategy,,70466665,0.7,989680,0.76,0.0055,Pass,10,0.00605,0.00304,0.002482,0.0764,0.0061,0.0021,0.0739,0.0743,0.0082,7.00E-04,0.0717,0.0902,0.0128,0.0025,0.0874,0.0963,0.002,-0.0155,0.0931,0.0072,0.0041,0.003,0.0025,0.0022,0.0117,0.0086,0.0076,0.007,0.0067
Host-Plus Pty. Limited,HOSTPLUS Superannuation Fund,Public offer,Hostplus MySuper,Generic,Single strategy,,83555388,0.58,1605800,0.81,0.00999,Pass,10,0.00981,0.00231,0.002482,0.0832,0.0098,0.0042,0.0813,0.0754,0.0061,-0.0039,0.0733,0.0968,0.0151,0.001,0.0945,0.088,-0.0059,-0.0311,0.0855,0.0115,0.0046,0.0023,0.0012,5.00E-04,0.0217,0.0148,0.0125,0.0114,0.0107
I.O.O.F. Investment Management Limited,IOOF Portfolio Service Superannuation Fund,Public offer,IOOF MySuper,Generic,Single strategy,,4638355,0.06,64530,0.74,0.00266,Pass,10,0.00478,0.0046,0.002482,0.076,0.0048,-0.0025,0.0674,0.075,0.0057,-0.0039,0.0675,0.0868,0.0095,-0.0045,0.0791,0.1061,0.0044,-0.0136,0.1004,0.0107,0.0061,0.0046,0.0038,0.0034,0.0167,0.0121,0.0106,0.0098,0.0094
Legal Super Pty Ltd,legalsuper,Public offer,MySuper,Generic,Single strategy,,3157785,0.46,29950,0.77,0.00735,Pass,10,0.00875,0.00389,0.002482,0.0763,0.0088,4.00E-04,0.0723,0.0748,0.0094,-0.0023,0.0708,0.0905,0.0146,-0.0014,0.0865,0.098,0.0092,-0.0171,0.0938,0.008,0.0049,0.0039,0.0034,0.0031,0.0151,0.012,0.011,0.0104,0.0101
Meat Industry Employees Superannuation Fund Pty. Ltd.,Meat Industry Employees Superannuation Fund,Non-public offer,MIESF MySuper,Generic,Single strategy,,913373,0.85,16600,0.62,0.01891,Pass,10,0.02015,0.00372,0.002482,0.0762,0.0201,0.0103,0.0733,0.0724,0.0223,0.0069,0.0689,0.0779,0.0241,0.0039,0.074,0.077,0.0151,-0.0203,0.0728,0.012,0.0058,0.0037,0.0027,0.0021,0.0164,0.0102,0.0081,0.0071,0.0065
Mercer Superannuation (Australia) Limited,Mercer Super Trust,Public offer,Macquarie Group Superannuation MySuper Product,MySuper Large Employer,Single strategy,,673493,0.01,5470,0.76,0.0016,Pass,10,0.00012,0.001,0.002482,0.0669,1.00E-04,-0.0043,0.0649,0.0646,-5.00E-04,-0.0067,0.0628,0.0639,-0.0091,-0.0188,0.0622,0.0906,8.00E-04,-0.016,0.0892,0.001,0.001,0.001,0.001,0.001,0.0073,0.0073,0.0073,0.0073,0.0073
Mercer Superannuation (Australia) Limited,Mercer Super Trust,Public offer,Mercer Santos MySuper,MySuper Large Employer,Lifecycle,,355447,0,1340,,-0.00189,Pass,10,-0.00387,5.00E-04,0.002482,,,,,,,,,,,,,,,,,,,,,,,,,,
Mercer Superannuation (Australia) Limited,Mercer Super Trust,Public offer,Mercer Santos MySuper,MySuper Large Employer,Lifecycle,Mercer SmartPath - Born 2014 to 2018 - CSD,,,,0.89,,,,,,,0.0675,-0.0078,-0.0094,0.064,0.0673,-0.0099,-0.013,0.0632,0.0818,-0.0097,-0.0148,0.0767,0.0801,-0.0408,-0.0509,0.0797,5.00E-04,5.00E-04,5.00E-04,5.00E-04,5.00E-04,0.0071,0.0071,0.0071,0.0071,0.0071
Mercer Superannuation (Australia) Limited,Mercer Super Trust,Public offer,Mercer Santos MySuper,MySuper Large Employer,Lifecycle,Mercer SmartPath - Born 2009 to 2013 - CSD,,,,0.89,,,,,,,0.0752,-6.00E-04,-0.0015,0.0716,0.0782,3.00E-04,-0.0016,0.074,0.0973,0.0048,0.0013,0.092,0.106,-0.0166,-0.0239,0.1055,5.00E-04,5.00E-04,5.00E-04,5.00E-04,5.00E-04,0.0069,0.0069,0.0069,0.0069,0.0069
Mercer Superannuation (Australia) Limited,Mercer Super Trust,Public offer,Mercer Santos MySuper,MySuper Large Employer,Lifecycle,Mercer SmartPath - Born 2004 to 2008 - CSD,,,,0.89,,,,,,,0.0704,-0.0055,-0.0065,0.0726,0.0713,-0.0067,-0.0088,0.0754,0.0875,-0.0052,-0.0088,0.0941,0.119,-0.0043,-0.0115,0.1184,5.00E-04,5.00E-04,5.00E-04,5.00E-04,5.00E-04,0.007,0.007,0.007,0.007,0.007
Mercer Superannuation (Australia) Limited,Mercer Super Trust,Public offer,Mercer Santos MySuper,MySuper Large Employer,Lifecycle,Mercer SmartPath - Born 1999 to 2003 - CSD,,,,0.89,,,,,,,0.0705,-0.0055,-0.0065,0.0727,0.0715,-0.0066,-0.0087,0.0756,0.0877,-0.005,-0.0088,0.0942,0.1193,-0.0039,-0.0113,0.1188,5.00E-04,5.00E-04,5.00E-04,5.00E-04,5.00E-04,0.0068,0.0068,0.0068,0.0068,0.0068
Mercer Superannuation (Australia) Limited,Mercer Super Trust,Public offer,Mercer Santos MySuper,MySuper Large Employer,Lifecycle,Mercer SmartPath - Born 1994 to 1998 - CSD,,,,0.9,,,,,,,0.0707,-0.0052,-0.0062,0.073,0.0718,-0.0062,-0.0084,0.076,0.0883,-0.0044,-0.0082,0.0949,0.1205,-0.0028,-0.0102,0.1199,5.00E-04,5.00E-04,5.00E-04,5.00E-04,5.00E-04,0.0068,0.0068,0.0068,0.0068,0.0068
Mercer Superannuation (Australia) Limited,Mercer Super Trust,Public offer,Mercer Santos MySuper,MySuper Large Employer,Lifecycle,Mercer SmartPath - Born 1989 to 1993 - CSD,,,,0.9,,,,,,,0.0709,-0.005,-0.006,0.0732,0.0721,-0.0059,-0.008,0.0764,0.0887,-0.004,-0.0078,0.0954,0.1213,-0.0019,-0.0093,0.1208,5.00E-04,5.00E-04,5.00E-04,5.00E-04,5.00E-04,0.0068,0.0068,0.0068,0.0068,0.0068
Mercer Superannuation (Australia) Limited,Mercer Super Trust,Public offer,Mercer Santos MySuper,MySuper Large Employer,Lifecycle,Mercer SmartPath - Born 1984 to 1988 - CSD,,,,0.9,,,,,,,0.0711,-0.0047,-0.0059,0.0733,0.0723,-0.0055,-0.0079,0.0764,0.0889,-0.0035,-0.0076,0.0954,0.1212,-0.0016,-0.0096,0.1207,5.00E-04,5.00E-04,5.00E-04,5.00E-04,5.00E-04,0.0068,0.0068,0.0068,0.0068,0.0068
Mercer Superannuation (Australia) Limited,Mercer Super Trust,Public offer,Mercer Santos MySuper,MySuper Large Employer,Lifecycle,Mercer SmartPath - Born 1979 to 1983 - CSD,,,,0.9,,,,,,,0.0711,-0.0046,-0.0059,0.0732,0.0723,-0.0054,-0.0079,0.0764,0.0889,-0.0033,-0.0076,0.0954,0.1211,-0.0013,-0.0097,0.1206,5.00E-04,5.00E-04,5.00E-04,5.00E-04,5.00E-04,0.0069,0.0069,0.0069,0.0069,0.0069
Mercer Superannuation (Australia) Limited,Mercer Super Trust,Public offer,Mercer Santos MySuper,MySuper Large Employer,Lifecycle,Mercer SmartPath - Born 1974 to 1978 - CSD,,,,0.9,,,,,,,0.0711,-0.0045,-0.0059,0.0732,0.0724,-0.0052,-0.0079,0.0764,0.089,-0.003,-0.0076,0.0954,0.1211,-9.00E-04,-0.0098,0.1206,5.00E-04,5.00E-04,5.00E-04,5.00E-04,5.00E-04,0.007,0.007,0.007,0.007,0.007
Mercer Superannuation (Australia) Limited,Mercer Super Trust,Public offer,Mercer Santos MySuper,MySuper Large Employer,Lifecycle,Mercer SmartPath - Born 1969 to 1973 - CSD,,,,0.88,,,,,,,0.0709,-0.0045,-0.0059,0.0731,0.0721,-0.0051,-0.008,0.0762,0.0887,-0.003,-0.0077,0.0951,0.1207,-7.00E-04,-0.0098,0.1202,5.00E-04,5.00E-04,5.00E-04,5.00E-04,5.00E-04,0.0071,0.0071,0.0071,0.0071,0.0071
Mercer Superannuation (Australia) Limited,Mercer Super Trust,Public offer,Mercer Santos MySuper,MySuper Large Employer,Lifecycle,Mercer SmartPath - Born 1964 to 1968 - CSD,,,,0.78,,,,,,,0.0688,-0.0035,-0.0056,0.0705,0.0692,-0.0037,-0.0075,0.0725,0.0844,-9.00E-04,-0.007,0.0899,0.111,0.0016,-0.0094,0.1105,5.00E-04,5.00E-04,5.00E-04,5.00E-04,5.00E-04,0.0074,0.0074,0.0074,0.0074,0.0074
Mercer Superannuation (Australia) Limited,Mercer Super Trust,Public offer,Mercer Santos MySuper,MySuper Large Employer,Lifecycle,Mercer SmartPath - Born 1959 to 1963 - CSD,,,,0.68,,,,,,,0.0663,-0.0024,-0.0057,0.0673,0.0655,-0.0022,-0.0076,0.0678,0.0792,0.0011,-0.0071,0.0832,0.0987,0.0042,-0.0104,0.0982,5.00E-04,5.00E-04,5.00E-04,5.00E-04,5.00E-04,0.0075,0.0075,0.0075,0.0075,0.0075
Mercer Superannuation (Australia) Limited,Mercer Super Trust,Public offer,Mercer Santos MySuper,MySuper Large Employer,Lifecycle,Mercer SmartPath - Born 1954 to 1958 - CSD,,,,0.61,,,,,,,0.0643,-8.00E-04,-0.0048,0.0644,0.0626,1.00E-04,-0.0064,0.0638,0.0752,0.0044,-0.0055,0.0775,0.0877,0.0077,-0.0093,0.0871,5.00E-04,5.00E-04,5.00E-04,5.00E-04,5.00E-04,0.0069,0.0069,0.0069,0.0069,0.0069
Mercer Superannuation (Australia) Limited,Mercer Super Trust,Public offer,Mercer Santos MySuper,MySuper Large Employer,Lifecycle,Mercer SmartPath - Born 1949 to 1953 - CSD,,,,0.61,,,,,,,0.0636,-0.0011,-0.0051,0.0637,0.0617,-3.00E-04,-0.0067,0.0627,0.0739,0.0038,-0.006,0.076,0.0851,0.0073,-0.0095,0.0845,5.00E-04,5.00E-04,5.00E-04,5.00E-04,5.00E-04,0.0072,0.0072,0.0072,0.0072,0.0072
Mercer Superannuation (Australia) Limited,Mercer Super Trust,Public offer,Mercer Santos MySuper,MySuper Large Employer,Lifecycle,Mercer SmartPath - Born 1944 to 1948 - CSD,,,,0.61,,,,,,,0.0633,-0.0014,-0.0054,0.0634,0.0612,-7.00E-04,-0.0072,0.0623,0.0732,0.0032,-0.0067,0.0754,0.084,0.0064,-0.0105,0.0835,5.00E-04,5.00E-04,5.00E-04,5.00E-04,5.00E-04,0.0071,0.0071,0.0071,0.0071,0.0071
Mercer Superannuation (Australia) Limited,Mercer Super Trust,Public offer,Mercer Santos MySuper,MySuper Large Employer,Lifecycle,Mercer SmartPath - Born 1939 to 1943 - CSD,,,,0.6,,,,,,,0.0635,-0.001,-0.0052,0.0636,0.0616,-3.00E-04,-0.0069,0.0626,0.0737,0.0039,-0.0062,0.0758,0.0847,0.0074,-0.01,0.0841,5.00E-04,5.00E-04,5.00E-04,5.00E-04,5.00E-04,0.0072,0.0072,0.0072,0.0072,0.0072
Mercer Superannuation (Australia) Limited,Mercer Super Trust,Public offer,Mercer Santos MySuper,MySuper Large Employer,Lifecycle,Mercer SmartPath - Born 1934 to 1938 - CSD,,,,0.61,,,,,,,0.0634,-0.0011,-0.0053,0.0635,0.0614,-4.00E-04,-0.007,0.0625,0.0735,0.0038,-0.0063,0.0757,0.0845,0.0072,-0.0101,0.084,5.00E-04,5.00E-04,5.00E-04,5.00E-04,5.00E-04,0.0071,0.0071,0.0071,0.0071,0.0071
Mercer Superannuation (Australia) Limited,Mercer Super Trust,Public offer,Mercer Santos MySuper,MySuper Large Employer,Lifecycle,Mercer SmartPath - Born 1929 to 1933 - CSD,,,,0.6,,,,,,,0.0639,-0.0013,-0.0046,0.064,0.0621,-7.00E-04,-0.0061,0.0632,0.0745,0.0033,-0.005,0.0766,0.0861,0.0064,-0.008,0.0856,5.00E-04,5.00E-04,5.00E-04,5.00E-04,5.00E-04,0.0067,0.0067,0.0067,0.0067,0.0067
Mercer Superannuation (Australia) Limited,Mercer Super Trust,Public offer,Mercer Santos MySuper,MySuper Large Employer,Lifecycle,Mercer SmartPath - Born prior to 1929 - CSD,,,,0.58,,,,,,,0.0626,-0.0017,-0.0062,0.0626,0.0602,-0.0011,-0.0083,0.0612,0.0717,0.0026,-0.0082,0.0738,0.0812,0.005,-0.0135,0.0807,5.00E-04,5.00E-04,5.00E-04,5.00E-04,5.00E-04,0.0075,0.0075,0.0075,0.0075,0.0075
Mercer Superannuation (Australia) Limited,Mercer Super Trust,Public offer,Mercer SmartPath,Generic,Lifecycle,,40441425,0.49,426620,,0.00173,Pass,10,0.00075,0.0015,0.002482,,,,,,,,,,,,,,,,,,,,,,,,,,
Mercer Superannuation (Australia) Limited,Mercer Super Trust,Public offer,Mercer SmartPath,Generic,Lifecycle,Mercer SmartPath - Born 2014 to 2018 - CSD,,,,0.89,,,,,,,,,,,,,,,,,,,,,,,0.0015,0.0015,0.0015,0.0015,0.0015,0.0081,0.0081,0.0081,0.0081,0.0081
Mercer Superannuation (Australia) Limited,Mercer Super Trust,Public offer,Mercer SmartPath,Generic,Lifecycle,Mercer SmartPath - Born 2009 to 2013 - CSD,,,,0.89,,,,,,,,,,,,,,,,,,,,,,,0.0015,0.0015,0.0015,0.0015,0.0015,0.0079,0.0079,0.0079,0.0079,0.0079
Mercer Superannuation (Australia) Limited,Mercer Super Trust,Public offer,Mercer SmartPath,Generic,Lifecycle,Mercer SmartPath - Born 2004 to 2008 - CSD,,,,0.89,,,,,,,,,,,,,,,0.0975,-0.0046,-0.0083,0.0938,0.119,-0.0043,-0.0115,0.1163,0.0015,0.0015,0.0015,0.0015,0.0015,0.008,0.008,0.008,0.008,0.008
Mercer Superannuation (Australia) Limited,Mercer Super Trust,Public offer,Mercer SmartPath,Generic,Lifecycle,Mercer SmartPath - Born 1999 to 2003 - CSD,,,,0.89,,,,,,,0.0782,-0.0027,-0.0045,0.073,0.0803,-0.0029,-0.0056,0.0756,0.1,-0.002,-0.0058,0.0963,0.1193,-0.0039,-0.0113,0.1166,0.0015,0.0015,0.0015,0.0015,0.0015,0.0078,0.0078,0.0078,0.0078,0.0078
Mercer Superannuation (Australia) Limited,Mercer Super Trust,Public offer,Mercer SmartPath,Generic,Lifecycle,Mercer SmartPath - Born 1994 to 1998 - CSD,,,,0.9,,,,,,,0.0799,-9.00E-04,-0.0027,0.0746,0.0814,-0.0017,-0.0044,0.0767,0.101,-9.00E-04,-0.0047,0.0972,0.1205,-0.0028,-0.0102,0.1178,0.0015,0.0015,0.0015,0.0015,0.0015,0.0078,0.0078,0.0078,0.0078,0.0078
Mercer Superannuation (Australia) Limited,Mercer Super Trust,Public offer,Mercer SmartPath,Generic,Lifecycle,Mercer SmartPath - Born 1989 to 1993 - CSD,,,,0.9,,,,,,,0.0802,-6.00E-04,-0.0024,0.0749,0.0819,-0.0011,-0.0039,0.0773,0.1018,-1.00E-04,-0.0039,0.0981,0.1213,-0.0019,-0.0093,0.1186,0.0015,0.0015,0.0015,0.0015,0.0015,0.0078,0.0078,0.0078,0.0078,0.0078
Mercer Superannuation (Australia) Limited,Mercer Super Trust,Public offer,Mercer SmartPath,Generic,Lifecycle,Mercer SmartPath - Born 1984 to 1988 - CSD,,,,0.9,,,,,,,0.081,1.00E-04,-0.0018,0.0757,0.0826,-5.00E-04,-0.0034,0.078,0.1025,5.00E-04,-0.0036,0.0987,0.1212,-0.0016,-0.0096,0.1185,0.0015,0.0015,0.0015,0.0015,0.0015,0.0078,0.0078,0.0078,0.0078,0.0078
Mercer Superannuation (Australia) Limited,Mercer Super Trust,Public offer,Mercer SmartPath,Generic,Lifecycle,Mercer SmartPath - Born 1979 to 1983 - CSD,,,,0.9,,,,,,,0.0812,4.00E-04,-0.0016,0.0759,0.0827,-3.00E-04,-0.0034,0.078,0.1029,0.0011,-0.0032,0.0991,0.1211,-0.0013,-0.0097,0.1184,0.0015,0.0015,0.0015,0.0015,0.0015,0.0079,0.0079,0.0079,0.0079,0.0079
Mercer Superannuation (Australia) Limited,Mercer Super Trust,Public offer,Mercer SmartPath,Generic,Lifecycle,Mercer SmartPath - Born 1974 to 1978 - CSD,,,,0.9,,,,,,,0.0809,3.00E-04,-0.0019,0.0756,0.0825,-3.00E-04,-0.0036,0.0778,0.1028,0.0011,-0.0034,0.099,0.1211,-9.00E-04,-0.0098,0.1184,0.0015,0.0015,0.0015,0.0015,0.0015,0.008,0.008,0.008,0.008,0.008
Mercer Superannuation (Australia) Limited,Mercer Super Trust,Public offer,Mercer SmartPath,Generic,Lifecycle,Mercer SmartPath - Born 1969 to 1973 - CSD,,,,0.88,,,,,,,0.0806,0.001,-0.0011,0.0753,0.0819,5.00E-04,-0.0027,0.0772,0.1019,0.002,-0.0026,0.0981,0.1207,-7.00E-04,-0.0098,0.118,0.0015,0.0015,0.0015,0.0015,0.0015,0.0081,0.0081,0.0081,0.0081,0.0081
Mercer Superannuation (Australia) Limited,Mercer Super Trust,Public offer,Mercer SmartPath,Generic,Lifecycle,Mercer SmartPath - Born 1964 to 1968 - CSD,,,,0.78,,,,,,,0.0752,0.0018,-8.00E-04,0.0699,0.0762,0.0022,-0.0015,0.0716,0.0934,0.0057,-3.00E-04,0.0897,0.111,0.0016,-0.0094,0.1083,0.0015,0.0015,0.0015,0.0015,0.0015,0.0084,0.0084,0.0084,0.0084,0.0084
Mercer Superannuation (Australia) Limited,Mercer Super Trust,Public offer,Mercer SmartPath,Generic,Lifecycle,Mercer SmartPath - Born 1959 to 1963 - CSD,,,,0.68,,,,,,,0.0671,0.0018,-0.002,0.0619,0.0679,0.0034,-0.0021,0.0633,0.0811,0.0079,-7.00E-04,0.0774,0.0987,0.0042,-0.0104,0.0961,0.0015,0.0015,0.0015,0.0015,0.0015,0.0085,0.0085,0.0085,0.0085,0.0085
Mercer Superannuation (Australia) Limited,Mercer Super Trust,Public offer,Mercer SmartPath,Generic,Lifecycle,Mercer SmartPath - Born 1954 to 1958 - CSD,,,,0.61,,,,,,,0.0604,0.0038,-0.0015,0.0552,0.0609,0.0065,-6.00E-04,0.0564,0.0704,0.0114,0.0014,0.0667,0.0877,0.0077,-0.0093,0.085,0.0015,0.0015,0.0015,0.0015,0.0015,0.0079,0.0079,0.0079,0.0079,0.0079
Mercer Superannuation (Australia) Limited,Mercer Super Trust,Public offer,Mercer SmartPath,Generic,Lifecycle,Mercer SmartPath - Born 1949 to 1953 - CSD,,,,0.61,,,,,,,0.0552,0.0025,-0.0032,0.05,0.0561,0.0052,-0.0019,0.0516,0.0638,0.0109,9.00E-04,0.0601,0.0851,0.0073,-0.0095,0.0824,0.0015,0.0015,0.0015,0.0015,0.0015,0.0082,0.0082,0.0082,0.0082,0.0082
Mercer Superannuation (Australia) Limited,Mercer Super Trust,Public offer,Mercer SmartPath,Generic,Lifecycle,Mercer SmartPath - Born 1944 to 1948 - CSD,,,,0.61,,,,,,,0.0539,0.0018,-0.0041,0.0487,0.0553,0.0046,-0.0027,0.0508,0.0628,0.0102,-1.00E-04,0.0592,0.084,0.0064,-0.0105,0.0814,0.0015,0.0015,0.0015,0.0015,0.0015,0.0081,0.0081,0.0081,0.0081,0.0081
Mercer Superannuation (Australia) Limited,Mercer Super Trust,Public offer,Mercer SmartPath,Generic,Lifecycle,Mercer SmartPath - Born 1939 to 1943 - CSD,,,,0.6,,,,,,,0.0543,0.0022,-0.0037,0.0491,0.0557,0.0049,-0.0024,0.0511,0.0628,0.0101,-1.00E-04,0.0591,0.0847,0.0074,-0.01,0.082,0.0015,0.0015,0.0015,0.0015,0.0015,0.0082,0.0082,0.0082,0.0082,0.0082
Mercer Superannuation (Australia) Limited,Mercer Super Trust,Public offer,Mercer SmartPath,Generic,Lifecycle,Mercer SmartPath - Born 1934 to 1938 - CSD,,,,0.61,,,,,,,0.0543,0.0023,-0.0037,0.0491,0.056,0.0055,-0.002,0.0515,0.0627,0.0103,-2.00E-04,0.0591,0.0845,0.0072,-0.0101,0.0819,0.0015,0.0015,0.0015,0.0015,0.0015,0.0081,0.0081,0.0081,0.0081,0.0081
Mercer Superannuation (Australia) Limited,Mercer Super Trust,Public offer,Mercer SmartPath,Generic,Lifecycle,Mercer SmartPath - Born 1929 to 1933 - CSD,,,,0.6,,,,,,,0.0551,0.0026,-0.0026,0.0499,0.0577,0.006,-1.00E-04,0.0532,0.0646,0.0106,0.002,0.0609,0.0861,0.0064,-0.008,0.0835,0.0015,0.0015,0.0015,0.0015,0.0015,0.0077,0.0077,0.0077,0.0077,0.0077
Mercer Superannuation (Australia) Limited,Mercer Super Trust,Public offer,Mercer SmartPath,Generic,Lifecycle,Mercer SmartPath - Born prior to 1929 - CSD,,,,0.58,,,,,,,,,,,,,,,,,,,0.0812,0.005,-0.0135,0.0786,0.0015,0.0015,0.0015,0.0015,0.0015,0.0085,0.0085,0.0085,0.0085,0.0085
Mercer Superannuation (Australia) Limited,Mercer Super Trust,Public offer,Mercer Tailored (CRG) MySuper,MySuper Large Employer,Lifecycle,,1454010,0.02,8360,,,Pass*,6,,0.001,0.002482,,,,,,,,,,,,,,,,,,,,,,,,,,
Mercer Superannuation (Australia) Limited,Mercer Super Trust,Public offer,Mercer Tailored (CRG) MySuper,MySuper Large Employer,Lifecycle,Mercer SmartPath - Born 2014 to 2018 - CSD,,,,0.89,,,,,,,,,,,,,,,,,,,,,,,0.001,0.001,0.001,0.001,0.001,0.0076,0.0076,0.0076,0.0076,0.0076
Mercer Superannuation (Australia) Limited,Mercer Super Trust,Public offer,Mercer Tailored (CRG) MySuper,MySuper Large Employer,Lifecycle,Mercer SmartPath - Born 2009 to 2013 - CSD,,,,0.89,,,,,,,,,,,,,,,,,,,,,,,0.001,0.001,0.001,0.001,0.001,0.0074,0.0074,0.0074,0.0074,0.0074
Mercer Superannuation (Australia) Limited,Mercer Super Trust,Public offer,Mercer Tailored (CRG) MySuper,MySuper Large Employer,Lifecycle,Mercer SmartPath - Born 2004 to 2008 - CSD,,,,0.89,,,,,,,,,,,,,,,0.0975,-0.0046,-0.0083,0.0964,0.119,-0.0043,-0.0115,0.1177,0.001,0.001,0.001,0.001,0.001,0.0075,0.0075,0.0075,0.0075,0.0075
Mercer Superannuation (Australia) Limited,Mercer Super Trust,Public offer,Mercer Tailored (CRG) MySuper,MySuper Large Employer,Lifecycle,Mercer SmartPath - Born 1999 to 2003 - CSD,,,,0.89,,,,,,,,,,,,,,,0.1,-0.002,-0.0058,0.0986,0.1193,-0.0039,-0.0113,0.1181,0.001,0.001,0.001,0.001,0.001,0.0073,0.0073,0.0073,0.0073,0.0073
Mercer Superannuation (Australia) Limited,Mercer Super Trust,Public offer,Mercer Tailored (CRG) MySuper,MySuper Large Employer,Lifecycle,Mercer SmartPath - Born 1994 to 1998 - CSD,,,,0.9,,,,,,,,,,,,,,,0.101,-9.00E-04,-0.0047,0.0995,0.1205,-0.0028,-0.0102,0.1192,0.001,0.001,0.001,0.001,0.001,0.0073,0.0073,0.0073,0.0073,0.0073
Mercer Superannuation (Australia) Limited,Mercer Super Trust,Public offer,Mercer Tailored (CRG) MySuper,MySuper Large Employer,Lifecycle,Mercer SmartPath - Born 1989 to 1993 - CSD,,,,0.9,,,,,,,,,,,,,,,0.1018,-1.00E-04,-0.0039,0.1004,0.1213,-0.0019,-0.0093,0.1201,0.001,0.001,0.001,0.001,0.001,0.0073,0.0073,0.0073,0.0073,0.0073
Mercer Superannuation (Australia) Limited,Mercer Super Trust,Public offer,Mercer Tailored (CRG) MySuper,MySuper Large Employer,Lifecycle,Mercer SmartPath - Born 1984 to 1988 - CSD,,,,0.9,,,,,,,,,,,,,,,0.1025,5.00E-04,-0.0036,0.101,0.1212,-0.0016,-0.0096,0.12,0.001,0.001,0.001,0.001,0.001,0.0073,0.0073,0.0073,0.0073,0.0073
Mercer Superannuation (Australia) Limited,Mercer Super Trust,Public offer,Mercer Tailored (CRG) MySuper,MySuper Large Employer,Lifecycle,Mercer SmartPath - Born 1979 to 1983 - CSD,,,,0.9,,,,,,,,,,,,,,,0.1029,0.0011,-0.0032,0.1014,0.1211,-0.0013,-0.0097,0.1199,0.001,0.001,0.001,0.001,0.001,0.0074,0.0074,0.0074,0.0074,0.0074
Mercer Superannuation (Australia) Limited,Mercer Super Trust,Public offer,Mercer Tailored (CRG) MySuper,MySuper Large Employer,Lifecycle,Mercer SmartPath - Born 1974 to 1978 - CSD,,,,0.9,,,,,,,,,,,,,,,0.1028,0.0011,-0.0034,0.1013,0.1211,-9.00E-04,-0.0098,0.1198,0.001,0.001,0.001,0.001,0.001,0.0075,0.0075,0.0075,0.0075,0.0075
Mercer Superannuation (Australia) Limited,Mercer Super Trust,Public offer,Mercer Tailored (CRG) MySuper,MySuper Large Employer,Lifecycle,Mercer SmartPath - Born 1969 to 1973 - CSD,,,,0.88,,,,,,,,,,,,,,,0.1019,0.002,-0.0026,0.1004,0.1207,-7.00E-04,-0.0098,0.1194,0.001,0.001,0.001,0.001,0.001,0.0076,0.0076,0.0076,0.0076,0.0076
Mercer Superannuation (Australia) Limited,Mercer Super Trust,Public offer,Mercer Tailored (CRG) MySuper,MySuper Large Employer,Lifecycle,Mercer SmartPath - Born 1964 to 1968 - CSD,,,,0.78,,,,,,,,,,,,,,,0.0934,0.0057,-3.00E-04,0.0919,0.111,0.0016,-0.0094,0.1098,0.001,0.001,0.001,0.001,0.001,0.0079,0.0079,0.0079,0.0079,0.0079
Mercer Superannuation (Australia) Limited,Mercer Super Trust,Public offer,Mercer Tailored (CRG) MySuper,MySuper Large Employer,Lifecycle,Mercer SmartPath - Born 1959 to 1963 - CSD,,,,0.68,,,,,,,,,,,,,,,0.0811,0.0079,-7.00E-04,0.0797,0.0987,0.0042,-0.0104,0.0975,0.001,0.001,0.001,0.001,0.001,0.008,0.008,0.008,0.008,0.008
Mercer Superannuation (Australia) Limited,Mercer Super Trust,Public offer,Mercer Tailored (CRG) MySuper,MySuper Large Employer,Lifecycle,Mercer SmartPath - Born 1954 to 1958 - CSD,,,,0.61,,,,,,,,,,,,,,,0.0704,0.0114,0.0014,0.0689,0.0877,0.0077,-0.0093,0.0864,0.001,0.001,0.001,0.001,0.001,0.0074,0.0074,0.0074,0.0074,0.0074
Mercer Superannuation (Australia) Limited,Mercer Super Trust,Public offer,Mercer Tailored (CRG) MySuper,MySuper Large Employer,Lifecycle,Mercer SmartPath - Born 1949 to 1953 - CSD,,,,0.61,,,,,,,,,,,,,,,0.0638,0.0109,9.00E-04,0.0624,0.0851,0.0073,-0.0095,0.0838,0.001,0.001,0.001,0.001,0.001,0.0077,0.0077,0.0077,0.0077,0.0077
Mercer Superannuation (Australia) Limited,Mercer Super Trust,Public offer,Mercer Tailored (CRG) MySuper,MySuper Large Employer,Lifecycle,Mercer SmartPath - Born 1944 to 1948 - CSD,,,,0.61,,,,,,,,,,,,,,,0.0628,0.0102,-1.00E-04,0.0614,0.084,0.0064,-0.0105,0.0828,0.001,0.001,0.001,0.001,0.001,0.0076,0.0076,0.0076,0.0076,0.0076
Mercer Superannuation (Australia) Limited,Mercer Super Trust,Public offer,Mercer Tailored (CRG) MySuper,MySuper Large Employer,Lifecycle,Mercer SmartPath - Born 1939 to 1943 - CSD,,,,0.6,,,,,,,,,,,,,,,0.0628,0.0101,-1.00E-04,0.0614,0.0847,0.0074,-0.01,0.0835,0.001,0.001,0.001,0.001,0.001,0.0077,0.0077,0.0077,0.0077,0.0077
Mercer Superannuation (Australia) Limited,Mercer Super Trust,Public offer,Mercer Tailored (CRG) MySuper,MySuper Large Employer,Lifecycle,Mercer SmartPath - Born 1934 to 1938 - CSD,,,,0.61,,,,,,,,,,,,,,,0.0627,0.0103,-2.00E-04,0.0616,0.0845,0.0072,-0.0101,0.0833,0.001,0.001,0.001,0.001,0.001,0.0076,0.0076,0.0076,0.0076,0.0076
Mercer Superannuation (Australia) Limited,Mercer Super Trust,Public offer,Mercer Tailored (CRG) MySuper,MySuper Large Employer,Lifecycle,Mercer SmartPath - Born 1929 to 1933 - CSD,,,,0.6,,,,,,,,,,,,,,,0.0646,0.0106,0.002,0.0635,0.0861,0.0064,-0.008,0.0849,0.001,0.001,0.001,0.001,0.001,0.0072,0.0072,0.0072,0.0072,0.0072
Mercer Superannuation (Australia) Limited,Mercer Super Trust,Public offer,Mercer Tailored (CRG) MySuper,MySuper Large Employer,Lifecycle,Mercer SmartPath - Born prior to 1929 - CSD,,,,0.58,,,,,,,,,,,,,,,0.0607,0.0087,-0.0023,0.0592,0.0812,0.005,-0.0135,0.08,0.001,0.001,0.001,0.001,0.001,0.008,0.008,0.008,0.008,0.008
Mercer Superannuation (Australia) Limited,Mercer Super Trust,Public offer,Mercer WGSP MySuper,MySuper Large Employer,Lifecycle,,1613761,0.02,9120,,0.00268,Pass,10,9.00E-04,7.00E-04,0.002482,,,,,,,,,,,,,,,,,,,,,,,,,,
Mercer Superannuation (Australia) Limited,Mercer Super Trust,Public offer,Mercer WGSP MySuper,MySuper Large Employer,Lifecycle,Mercer SmartPath - Born 2014 to 2018 - CSD,,,,0.89,,,,,,,,,,,,,,,,,,,,,,,7.00E-04,7.00E-04,7.00E-04,7.00E-04,7.00E-04,0.0073,0.0073,0.0073,0.0073,0.0073
Mercer Superannuation (Australia) Limited,Mercer Super Trust,Public offer,Mercer WGSP MySuper,MySuper Large Employer,Lifecycle,Mercer SmartPath - Born 2009 to 2013 - CSD,,,,0.89,,,,,,,,,,,,,,,,,,,,,,,7.00E-04,7.00E-04,7.00E-04,7.00E-04,7.00E-04,0.0071,0.0071,0.0071,0.0071,0.0071
Mercer Superannuation (Australia) Limited,Mercer Super Trust,Public offer,Mercer WGSP MySuper,MySuper Large Employer,Lifecycle,Mercer SmartPath - Born 2004 to 2008 - CSD,,,,0.89,,,,,,,,,,,,,,,0.0975,-0.0046,-0.0083,0.0963,0.119,-0.0043,-0.0115,0.1182,7.00E-04,7.00E-04,7.00E-04,7.00E-04,7.00E-04,0.0072,0.0072,0.0072,0.0072,0.0072
Mercer Superannuation (Australia) Limited,Mercer Super Trust,Public offer,Mercer WGSP MySuper,MySuper Large Employer,Lifecycle,Mercer SmartPath - Born 1999 to 2003 - CSD,,,,0.89,,,,,,,0.0782,-0.0027,-0.0045,0.0763,0.0803,-0.0029,-0.0056,0.0787,0.1,-0.002,-0.0058,0.0988,0.1193,-0.0039,-0.0113,0.1185,7.00E-04,7.00E-04,7.00E-04,7.00E-04,7.00E-04,0.007,0.007,0.007,0.007,0.007
Mercer Superannuation (Australia) Limited,Mercer Super Trust,Public offer,Mercer WGSP MySuper,MySuper Large Employer,Lifecycle,Mercer SmartPath - Born 1994 to 1998 - CSD,,,,0.9,,,,,,,0.0799,-9.00E-04,-0.0027,0.0779,0.0814,-0.0017,-0.0044,0.0798,0.101,-9.00E-04,-0.0047,0.0998,0.1205,-0.0028,-0.0102,0.1196,7.00E-04,7.00E-04,7.00E-04,7.00E-04,7.00E-04,0.007,0.007,0.007,0.007,0.007
Mercer Superannuation (Australia) Limited,Mercer Super Trust,Public offer,Mercer WGSP MySuper,MySuper Large Employer,Lifecycle,Mercer SmartPath - Born 1989 to 1993 - CSD,,,,0.9,,,,,,,0.0802,-6.00E-04,-0.0024,0.0782,0.0819,-0.0011,-0.0039,0.0804,0.1018,-1.00E-04,-0.0039,0.1006,0.1213,-0.0019,-0.0093,0.1205,7.00E-04,7.00E-04,7.00E-04,7.00E-04,7.00E-04,0.007,0.007,0.007,0.007,0.007
Mercer Superannuation (Australia) Limited,Mercer Super Trust,Public offer,Mercer WGSP MySuper,MySuper Large Employer,Lifecycle,Mercer SmartPath - Born 1984 to 1988 - CSD,,,,0.9,,,,,,,0.081,1.00E-04,-0.0018,0.079,0.0826,-5.00E-04,-0.0034,0.0811,0.1025,5.00E-04,-0.0036,0.1013,0.1212,-0.0016,-0.0096,0.1204,7.00E-04,7.00E-04,7.00E-04,7.00E-04,7.00E-04,0.007,0.007,0.007,0.007,0.007
Mercer Superannuation (Australia) Limited,Mercer Super Trust,Public offer,Mercer WGSP MySuper,MySuper Large Employer,Lifecycle,Mercer SmartPath - Born 1979 to 1983 - CSD,,,,0.9,,,,,,,0.0812,4.00E-04,-0.0016,0.0792,0.0827,-3.00E-04,-0.0034,0.0811,0.1029,0.0011,-0.0032,0.1016,0.1211,-0.0013,-0.0097,0.1203,7.00E-04,7.00E-04,7.00E-04,7.00E-04,7.00E-04,0.0071,0.0071,0.0071,0.0071,0.0071
Mercer Superannuation (Australia) Limited,Mercer Super Trust,Public offer,Mercer WGSP MySuper,MySuper Large Employer,Lifecycle,Mercer SmartPath - Born 1974 to 1978 - CSD,,,,0.9,,,,,,,0.0809,3.00E-04,-0.0019,0.079,0.0825,-3.00E-04,-0.0036,0.0809,0.1028,0.0011,-0.0034,0.1016,0.1211,-9.00E-04,-0.0098,0.1203,7.00E-04,7.00E-04,7.00E-04,7.00E-04,7.00E-04,0.0072,0.0072,0.0072,0.0072,0.0072
Mercer Superannuation (Australia) Limited,Mercer Super Trust,Public offer,Mercer WGSP MySuper,MySuper Large Employer,Lifecycle,Mercer SmartPath - Born 1969 to 1973 - CSD,,,,0.88,,,,,,,0.0806,0.001,-0.0011,0.0787,0.0819,5.00E-04,-0.0027,0.0803,0.1019,0.002,-0.0026,0.1006,0.1207,-7.00E-04,-0.0098,0.1199,7.00E-04,7.00E-04,7.00E-04,7.00E-04,7.00E-04,0.0073,0.0073,0.0073,0.0073,0.0073
Mercer Superannuation (Australia) Limited,Mercer Super Trust,Public offer,Mercer WGSP MySuper,MySuper Large Employer,Lifecycle,Mercer SmartPath - Born 1964 to 1968 - CSD,,,,0.78,,,,,,,0.0752,0.0018,-8.00E-04,0.0732,0.0762,0.0022,-0.0015,0.0746,0.0934,0.0057,-3.00E-04,0.0922,0.111,0.0016,-0.0094,0.1102,7.00E-04,7.00E-04,7.00E-04,7.00E-04,7.00E-04,0.0076,0.0076,0.0076,0.0076,0.0076
Mercer Superannuation (Australia) Limited,Mercer Super Trust,Public offer,Mercer WGSP MySuper,MySuper Large Employer,Lifecycle,Mercer SmartPath - Born 1959 to 1963 - CSD,,,,0.68,,,,,,,0.0671,0.0018,-0.002,0.0652,0.0679,0.0034,-0.0021,0.0663,0.0811,0.0079,-7.00E-04,0.0799,0.0987,0.0042,-0.0104,0.0979,7.00E-04,7.00E-04,7.00E-04,7.00E-04,7.00E-04,0.0077,0.0077,0.0077,0.0077,0.0077
Mercer Superannuation (Australia) Limited,Mercer Super Trust,Public offer,Mercer WGSP MySuper,MySuper Large Employer,Lifecycle,Mercer SmartPath - Born 1954 to 1958 - CSD,,,,0.61,,,,,,,0.0604,0.0038,-0.0015,0.0584,0.0609,0.0065,-6.00E-04,0.0594,0.0704,0.0114,0.0014,0.0692,0.0877,0.0077,-0.0093,0.0868,7.00E-04,7.00E-04,7.00E-04,7.00E-04,7.00E-04,0.0071,0.0071,0.0071,0.0071,0.0071
Mercer Superannuation (Australia) Limited,Mercer Super Trust,Public offer,Mercer WGSP MySuper,MySuper Large Employer,Lifecycle,Mercer SmartPath - Born 1949 to 1953 - CSD,,,,0.61,,,,,,,0.0552,0.0025,-0.0032,0.0533,0.0561,0.0052,-0.0019,0.0546,0.0638,0.0109,9.00E-04,0.0626,0.0851,0.0073,-0.0095,0.0843,7.00E-04,7.00E-04,7.00E-04,7.00E-04,7.00E-04,0.0074,0.0074,0.0074,0.0074,0.0074
Mercer Superannuation (Australia) Limited,Mercer Super Trust,Public offer,Mercer WGSP MySuper,MySuper Large Employer,Lifecycle,Mercer SmartPath - Born 1944 to 1948 - CSD,,,,0.61,,,,,,,0.0539,0.0018,-0.0041,0.0519,0.0553,0.0046,-0.0027,0.0538,0.0628,0.0102,-1.00E-04,0.0616,0.084,0.0064,-0.0105,0.0832,7.00E-04,7.00E-04,7.00E-04,7.00E-04,7.00E-04,0.0073,0.0073,0.0073,0.0073,0.0073
Mercer Superannuation (Australia) Limited,Mercer Super Trust,Public offer,Mercer WGSP MySuper,MySuper Large Employer,Lifecycle,Mercer SmartPath - Born 1939 to 1943 - CSD,,,,0.6,,,,,,,0.0543,0.0022,-0.0037,0.0523,0.0557,0.0049,-0.0024,0.0542,0.0628,0.0101,-1.00E-04,0.0616,0.0847,0.0074,-0.01,0.0839,7.00E-04,7.00E-04,7.00E-04,7.00E-04,7.00E-04,0.0074,0.0074,0.0074,0.0074,0.0074
Mercer Superannuation (Australia) Limited,Mercer Super Trust,Public offer,Mercer WGSP MySuper,MySuper Large Employer,Lifecycle,Mercer SmartPath - Born 1934 to 1938 - CSD,,,,0.61,,,,,,,0.0543,0.0023,-0.0037,0.0523,0.056,0.0055,-0.002,0.0545,0.0627,0.0103,-2.00E-04,0.0615,0.0845,0.0072,-0.0101,0.0837,7.00E-04,7.00E-04,7.00E-04,7.00E-04,7.00E-04,0.0073,0.0073,0.0073,0.0073,0.0073
Mercer Superannuation (Australia) Limited,Mercer Super Trust,Public offer,Mercer WGSP MySuper,MySuper Large Employer,Lifecycle,Mercer SmartPath - Born 1929 to 1933 - CSD,,,,0.6,,,,,,,0.0551,0.0026,-0.0026,0.0541,0.0577,0.006,-1.00E-04,0.0571,0.0646,0.0106,0.002,0.0637,0.0861,0.0064,-0.008,0.0853,7.00E-04,7.00E-04,7.00E-04,7.00E-04,7.00E-04,0.0069,0.0069,0.0069,0.0069,0.0069
Mercer Superannuation (Australia) Limited,Mercer Super Trust,Public offer,Mercer WGSP MySuper,MySuper Large Employer,Lifecycle,Mercer SmartPath - Born prior to 1929 - CSD,,,,0.58,,,,,,,,,,,,,,,,,,,0.0812,0.005,-0.0135,0.0804,7.00E-04,7.00E-04,7.00E-04,7.00E-04,7.00E-04,0.0077,0.0077,0.0077,0.0077,0.0077
Mercer Superannuation (Australia) Limited,Mercer Super Trust,Public offer,Tailored MySuper - Lutheran Superannuation,MySuper Large Employer,Single strategy,,391012,0,3650,0.72,0.01091,Pass,10,0.00893,5.00E-04,0.002482,0.0778,0.0089,0.0048,0.0739,0.0791,0.0107,0.0053,0.0758,0.09,0.0126,0.0034,0.0874,0.0993,0.0065,-0.0107,0.0984,5.00E-04,5.00E-04,5.00E-04,5.00E-04,5.00E-04,0.0067,0.0067,0.0067,0.0067,0.0067
Mercer Superannuation (Australia) Limited,Mercer Super Trust,Public offer,Virgin Money MySuper,MySuper Material Goodwill,Lifecycle,,1386417,0.02,87920,,0.0017,Pass,10,0.00432,0.0051,0.002482,,,,,,,,,,,,,,,,,,,,,,,,,,
Mercer Superannuation (Australia) Limited,Mercer Super Trust,Public offer,Virgin Money MySuper,MySuper Material Goodwill,Lifecycle,LifeStage Tracker - Born 2014 - 2018 - Virgin,,,,0.89,,,,,,,,,,,0.0874,0.0058,1.00E-04,0.0823,0.1045,0.0041,-0.0013,0.0992,0.1306,0.0069,0.0011,0.1251,0.0097,0.0063,0.0051,0.0045,0.0042,0.0116,0.0082,0.007,0.0064,0.0061
Mercer Superannuation (Australia) Limited,Mercer Super Trust,Public offer,Virgin Money MySuper,MySuper Material Goodwill,Lifecycle,LifeStage Tracker - Born 2009 - 2013 - Virgin,,,,0.89,,,,,,,0.0847,0.0039,0,0.0795,0.0872,0.0058,0,0.0822,0.1037,0.0036,-0.0019,0.0985,0.1286,0.0049,-9.00E-04,0.123,0.0097,0.0063,0.0051,0.0045,0.0042,0.0116,0.0082,0.007,0.0064,0.0061
Mercer Superannuation (Australia) Limited,Mercer Super Trust,Public offer,Virgin Money MySuper,MySuper Material Goodwill,Lifecycle,LifeStage Tracker - Born 2004 - 2008 - Virgin,,,,0.89,,,,,,,,,,,0.0865,0.0051,-7.00E-04,0.0815,0.1018,0.0015,-0.0039,0.0965,0.1272,0.0034,-0.0024,0.1216,0.0097,0.0063,0.0051,0.0045,0.0042,0.0116,0.0082,0.007,0.0064,0.0061
Mercer Superannuation (Australia) Limited,Mercer Super Trust,Public offer,Virgin Money MySuper,MySuper Material Goodwill,Lifecycle,LifeStage Tracker - Born 1999 - 2003 - Virgin,,,,0.89,,,,,,,0.0834,0.0027,-0.0012,0.0781,0.086,0.0048,-9.00E-04,0.081,0.1028,0.0027,-0.0026,0.0975,0.1286,0.0049,-9.00E-04,0.123,0.0097,0.0063,0.0051,0.0045,0.0042,0.0116,0.0082,0.007,0.0064,0.0061
Mercer Superannuation (Australia) Limited,Mercer Super Trust,Public offer,Virgin Money MySuper,MySuper Material Goodwill,Lifecycle,LifeStage Tracker - Born 1994 - 1998 - Virgin,,,,0.89,,,,,,,0.0844,0.0035,-4.00E-04,0.0791,0.0869,0.0054,-4.00E-04,0.0818,0.1043,0.0039,-0.0015,0.099,0.1296,0.0059,1.00E-04,0.1241,0.0097,0.0063,0.0051,0.0045,0.0042,0.0116,0.0082,0.007,0.0064,0.0061
Mercer Superannuation (Australia) Limited,Mercer Super Trust,Public offer,Virgin Money MySuper,MySuper Material Goodwill,Lifecycle,LifeStage Tracker - Born 1989 - 1993 - Virgin,,,,0.89,,,,,,,0.0851,0.0043,4.00E-04,0.0798,0.0876,0.0063,5.00E-04,0.0826,0.105,0.0048,-6.00E-04,0.0997,0.1309,0.0072,0.0014,0.1253,0.0097,0.0063,0.0051,0.0045,0.0042,0.0116,0.0082,0.007,0.0064,0.0061
Mercer Superannuation (Australia) Limited,Mercer Super Trust,Public offer,Virgin Money MySuper,MySuper Material Goodwill,Lifecycle,LifeStage Tracker - Born 1984 - 1988 - Virgin,,,,0.89,,,,,,,0.0853,0.0044,4.00E-04,0.08,0.0879,0.0064,5.00E-04,0.0829,0.1057,0.0053,-2.00E-04,0.1005,0.1316,0.0079,0.0021,0.126,0.0097,0.0063,0.0051,0.0045,0.0042,0.0116,0.0082,0.007,0.0064,0.0061
Mercer Superannuation (Australia) Limited,Mercer Super Trust,Public offer,Virgin Money MySuper,MySuper Material Goodwill,Lifecycle,LifeStage Tracker - Born 1979 - 1983 - Virgin,,,,0.89,,,,,,,0.0853,0.0043,4.00E-04,0.08,0.0879,0.0062,4.00E-04,0.0828,0.1054,0.0049,-5.00E-04,0.1001,0.1316,0.0079,0.0021,0.126,0.0097,0.0063,0.0051,0.0045,0.0042,0.0116,0.0082,0.007,0.0064,0.0061
Mercer Superannuation (Australia) Limited,Mercer Super Trust,Public offer,Virgin Money MySuper,MySuper Material Goodwill,Lifecycle,LifeStage Tracker - Born 1974 - 1978 - Virgin,,,,0.89,,,,,,,0.0853,0.0044,5.00E-04,0.08,0.0879,0.0064,6.00E-04,0.0829,0.1058,0.0056,1.00E-04,0.1006,0.1319,0.0082,0.0024,0.1263,0.0097,0.0063,0.0051,0.0045,0.0042,0.0116,0.0082,0.007,0.0064,0.0061
Mercer Superannuation (Australia) Limited,Mercer Super Trust,Public offer,Virgin Money MySuper,MySuper Material Goodwill,Lifecycle,LifeStage Tracker - Born 1969 - 1973 - Virgin,,,,0.86,,,,,,,0.0842,0.0045,5.00E-04,0.0789,0.0873,0.0073,0.0015,0.0823,0.1049,0.0064,9.00E-04,0.0997,0.1317,0.0083,0.0025,0.1261,0.0097,0.0063,0.0051,0.0045,0.0042,0.0116,0.0082,0.007,0.0064,0.0061
Mercer Superannuation (Australia) Limited,Mercer Super Trust,Public offer,Virgin Money MySuper,MySuper Material Goodwill,Lifecycle,LifeStage Tracker - Born 1964 - 1968 - Virgin,,,,0.73,,,,,,,0.0778,0.0047,0.0013,0.0725,0.0794,0.0074,0.0025,0.0744,0.0929,0.0066,0.0015,0.0877,0.1168,0.006,4.00E-04,0.1113,0.0097,0.0063,0.0051,0.0045,0.0042,0.0118,0.0083,0.0071,0.0066,0.0062
Mercer Superannuation (Australia) Limited,Mercer Super Trust,Public offer,Virgin Money MySuper,MySuper Material Goodwill,Lifecycle,LifeStage Tracker - Born 1959 - 1963 - Virgin,,,,0.6,,,,,,,0.0686,0.0043,0.0011,0.0634,0.0688,0.0065,0.0021,0.0638,0.0776,0.0059,0.0012,0.0724,0.0991,0.0041,-0.0015,0.0936,0.0097,0.0063,0.0051,0.0045,0.0042,0.0118,0.0084,0.0072,0.0066,0.0063
Mercer Superannuation (Australia) Limited,Mercer Super Trust,Public offer,Virgin Money MySuper,MySuper Material Goodwill,Lifecycle,LifeStage Tracker - Born 1954 - 1958 - Virgin,,,,0.49,,,,,,,0.0597,0.0041,0.0011,0.0546,0.0584,0.006,0.0019,0.0535,0.0627,0.0056,0.0011,0.0576,0.0821,0.0029,-0.0026,0.0767,0.0097,0.0063,0.0051,0.0045,0.0042,0.0119,0.0084,0.0072,0.0066,0.0063
Mercer Superannuation (Australia) Limited,Mercer Super Trust,Public offer,Virgin Money MySuper,MySuper Material Goodwill,Lifecycle,LifeStage Tracker - Born 1949 - 1953 - Virgin,,,,0.49,,,,,,,0.0543,0.0039,5.00E-04,0.0491,0.0543,0.0057,0.002,0.0494,0.0565,0.006,0.0016,0.0515,0.0792,0.0031,-0.0024,0.0739,0.0097,0.0063,0.0051,0.0045,0.0042,0.0119,0.0085,0.0073,0.0067,0.0064
Mercer Superannuation (Australia) Limited,Mercer Super Trust,Public offer,Virgin Money MySuper,MySuper Material Goodwill,Lifecycle,LifeStage Tracker - Born prior to 1949 - Virgin,,,,0.49,,,,,,,0.0532,0.0032,-1.00E-04,0.0481,0.0537,0.0045,0.001,0.0488,0.0559,0.0053,0.001,0.0508,0.0794,0.0032,-0.0022,0.074,0.0097,0.0063,0.0051,0.0045,0.0042,0.0119,0.0085,0.0073,0.0067,0.0064
N. M. Superannuation Proprietary Limited,AMP Super Fund,Public offer,SignatureSuper - AFLPA AFL MySuper,MySuper Large Employer,Lifecycle,,230802,0,2350,,-0.00176,Pass,10,-0.00278,0.00147,0.002482,,,,,,,,,,,,,,,,,,,,,,,,,,
N. M. Superannuation Proprietary Limited,AMP Super Fund,Public offer,SignatureSuper - AFLPA AFL MySuper,MySuper Large Employer,Lifecycle,AFLPA AFL MySuper 1990s,,,,0.91,,,,,,,0.0783,-0.0037,-0.0069,0.0753,0.0764,-0.0057,-0.0107,0.0739,0.1008,0.0013,-0.0062,0.0986,0.1123,-0.0093,-0.0206,0.1103,0.0039,0.0021,0.0015,0.0012,0.001,0.0094,0.0076,0.007,0.0067,0.0065
N. M. Superannuation Proprietary Limited,AMP Super Fund,Public offer,SignatureSuper - AFLPA AFL MySuper,MySuper Large Employer,Lifecycle,AFLPA AFL MySuper 1980s,,,,0.91,,,,,,,0.0801,-0.0018,-0.005,0.0771,0.0785,-0.0035,-0.0085,0.076,0.1019,0.0024,-0.005,0.0996,0.1121,-0.0094,-0.0206,0.11,0.0039,0.0021,0.0015,0.0012,0.001,0.0095,0.0077,0.0071,0.0068,0.0066
N. M. Superannuation Proprietary Limited,AMP Super Fund,Public offer,SignatureSuper - AFLPA AFL MySuper,MySuper Large Employer,Lifecycle,AFLPA AFL MySuper 1970s,,,,0.91,,,,,,,0.0772,-0.002,-0.0055,0.0743,0.0752,-0.004,-0.0091,0.0727,0.0971,0.0023,-0.0053,0.0949,0.1095,-0.0096,-0.021,0.1075,0.0039,0.0021,0.0015,0.0012,0.001,0.0096,0.0078,0.0072,0.0069,0.0067
N. M. Superannuation Proprietary Limited,AMP Super Fund,Public offer,SignatureSuper - AFLPA AFL MySuper,MySuper Large Employer,Lifecycle,AFLPA AFL MySuper 1960s,,,,0.79,,,,,,,0.0602,-0.0027,-0.0087,0.0573,0.0585,-0.0028,-0.011,0.0561,0.0708,0.0028,-0.0087,0.0686,0.0877,-0.0053,-0.0215,0.0858,0.0039,0.0021,0.0015,0.0012,0.001,0.0089,0.0071,0.0065,0.0062,0.006
N. M. Superannuation Proprietary Limited,AMP Super Fund,Public offer,SignatureSuper - AFLPA AFL MySuper,MySuper Large Employer,Lifecycle,AFLPA AFL MySuper 1950s,,,,0.63,,,,,,,0.0475,-0.0042,-0.0116,0.0446,0.0461,-0.0033,-0.0126,0.0437,0.0535,0.0024,-0.0101,0.0514,0.0743,0,-0.0165,0.0724,0.0039,0.0021,0.0015,0.0012,0.001,0.0078,0.006,0.0054,0.0051,0.0049
N. M. Superannuation Proprietary Limited,AMP Super Fund,Public offer,SignatureSuper - AFLPA AFL MySuper,MySuper Large Employer,Lifecycle,AFLPA AFL MySuper Capital Stable,,,,0.64,,,,,,,0.046,-0.0038,-0.0121,0.0432,0.0461,-0.0027,-0.0128,0.0437,0.0542,0.0035,-0.0094,0.0521,0.0751,6.00E-04,-0.0166,0.0732,0.0039,0.0021,0.0015,0.0012,0.001,0.0079,0.0061,0.0055,0.0052,0.005
N. M. Superannuation Proprietary Limited,AMP Super Fund,Public offer,SignatureSuper - MySuper,Generic,Lifecycle,,23786429,0.37,346670,,-0.00341,Pass,10,-0.00254,0.00335,0.002482,,,,,,,,,,,,,,,,,,,,,,,,,,
N. M. Superannuation Proprietary Limited,AMP Super Fund,Public offer,SignatureSuper - MySuper,Generic,Lifecycle,AMP MySuper 1990s,,,,0.91,,,,,,,0.0782,-0.0037,-0.007,0.0729,0.0763,-0.0057,-0.0107,0.0722,0.1008,0.0013,-0.0062,0.0969,0.1123,-0.0093,-0.0206,0.1086,0.0087,0.0047,0.0033,0.0027,0.0023,0.0141,0.0102,0.0088,0.0082,0.0078
N. M. Superannuation Proprietary Limited,AMP Super Fund,Public offer,SignatureSuper - MySuper,Generic,Lifecycle,AMP MySuper 1980s,,,,0.91,,,,,,,0.0801,-0.0018,-0.0051,0.0747,0.0784,-0.0035,-0.0085,0.0743,0.1019,0.0024,-0.005,0.0979,0.1121,-0.0094,-0.0206,0.1083,0.0087,0.0047,0.0033,0.0027,0.0023,0.0143,0.0103,0.0089,0.0083,0.0079
N. M. Superannuation Proprietary Limited,AMP Super Fund,Public offer,SignatureSuper - MySuper,Generic,Lifecycle,AMP MySuper 1970s,,,,0.91,,,,,,,0.0772,-0.002,-0.0056,0.0719,0.0752,-0.004,-0.0092,0.0711,0.0971,0.0023,-0.0053,0.0932,0.1095,-0.0096,-0.021,0.1057,0.0087,0.0047,0.0033,0.0027,0.0023,0.0144,0.0104,0.009,0.0084,0.008
N. M. Superannuation Proprietary Limited,AMP Super Fund,Public offer,SignatureSuper - MySuper,Generic,Lifecycle,AMP MySuper 1960s,,,,0.79,,,,,,,0.0602,-0.0027,-0.0087,0.055,0.0585,-0.0028,-0.011,0.0544,0.0707,0.0028,-0.0087,0.0669,0.0877,-0.0053,-0.0215,0.0841,0.0087,0.0047,0.0033,0.0027,0.0023,0.0137,0.0097,0.0083,0.0077,0.0073
N. M. Superannuation Proprietary Limited,AMP Super Fund,Public offer,SignatureSuper - MySuper,Generic,Lifecycle,AMP MySuper 1950s,,,,0.63,,,,,,,0.0475,-0.0042,-0.0116,0.0423,0.046,-0.0034,-0.0126,0.042,0.0536,0.0024,-0.0101,0.0498,0.0742,0,-0.0165,0.0707,0.0087,0.0047,0.0033,0.0027,0.0023,0.0125,0.0086,0.0072,0.0066,0.0062
N. M. Superannuation Proprietary Limited,AMP Super Fund,Public offer,SignatureSuper - MySuper,Generic,Lifecycle,AMP MySuper Capital Stable,,,,0.64,,,,,,,0.046,-0.0038,-0.0121,0.0409,0.0461,-0.0027,-0.0128,0.042,0.0542,0.0035,-0.0094,0.0504,0.0751,6.00E-04,-0.0166,0.0715,0.0087,0.0047,0.0033,0.0027,0.0023,0.0126,0.0087,0.0073,0.0067,0.0063
N. M. Superannuation Proprietary Limited,AMP Super Fund,Public offer,SignatureSuper - Water Corp MySuper,MySuper Large Employer,Lifecycle,,433949,0.01,2770,,-0.00262,Pass,7.5,-0.00424,0.00087,0.002482,,,,,,,,,,,,,,,,,,,,,,,,,,
N. M. Superannuation Proprietary Limited,AMP Super Fund,Public offer,SignatureSuper - Water Corp MySuper,MySuper Large Employer,Lifecycle,Water Corporation MySuper 1990s,,,,0.91,,,,,,,,,,,0.0755,-0.0065,-0.0115,0.0744,0.0999,3.00E-04,-0.0071,0.0988,0.1114,-0.0103,-0.0215,0.1104,0.0027,0.0013,9.00E-04,6.00E-04,5.00E-04,0.0092,0.0078,0.0074,0.0071,0.007
N. M. Superannuation Proprietary Limited,AMP Super Fund,Public offer,SignatureSuper - Water Corp MySuper,MySuper Large Employer,Lifecycle,Water Corporation MySuper 1980s,,,,0.91,,,,,,,,,,,0.0776,-0.0043,-0.0094,0.0765,0.101,0.0015,-0.0059,0.0999,0.1111,-0.0103,-0.0216,0.1101,0.0027,0.0013,9.00E-04,6.00E-04,5.00E-04,0.0093,0.0079,0.0075,0.0072,0.0071
N. M. Superannuation Proprietary Limited,AMP Super Fund,Public offer,SignatureSuper - Water Corp MySuper,MySuper Large Employer,Lifecycle,Water Corporation MySuper 1970s,,,,0.91,,,,,,,,,,,0.0744,-0.0048,-0.01,0.0733,0.0962,0.0013,-0.0063,0.0951,0.1085,-0.0106,-0.022,0.1075,0.0027,0.0013,9.00E-04,6.00E-04,5.00E-04,0.0094,0.008,0.0076,0.0073,0.0072
N. M. Superannuation Proprietary Limited,AMP Super Fund,Public offer,SignatureSuper - Water Corp MySuper,MySuper Large Employer,Lifecycle,Water Corporation MySuper 1960s,,,,0.79,,,,,,,,,,,0.0577,-0.0036,-0.0119,0.0566,0.0699,0.0019,-0.0096,0.0688,0.0868,-0.0062,-0.0224,0.0859,0.0027,0.0013,9.00E-04,6.00E-04,5.00E-04,0.0087,0.0073,0.0069,0.0066,0.0065
N. M. Superannuation Proprietary Limited,AMP Super Fund,Public offer,SignatureSuper - Water Corp MySuper,MySuper Large Employer,Lifecycle,Water Corporation MySuper 1950s,,,,0.63,,,,,,,,,,,0.0453,-0.0041,-0.0134,0.0442,0.0526,0.0015,-0.011,0.0517,0.0733,-9.00E-04,-0.0174,0.0725,0.0027,0.0013,9.00E-04,6.00E-04,5.00E-04,0.0076,0.0062,0.0058,0.0055,0.0054
N. M. Superannuation Proprietary Limited,AMP Super Fund,Public offer,SignatureSuper - Water Corp MySuper,MySuper Large Employer,Lifecycle,Water Corporation MySuper Capital Stable,,,,0.64,,,,,,,,,,,0.0452,-0.0035,-0.0136,0.0442,0.0533,0.0026,-0.0103,0.0523,0.0742,-3.00E-04,-0.0174,0.0733,0.0027,0.0013,9.00E-04,6.00E-04,5.00E-04,0.0077,0.0063,0.0059,0.0056,0.0055
NESS Super Pty Ltd,NESS Super,Public offer,MySuper,Generic,Single strategy,,834684,0.63,11100,0.78,-4.00E-04,Pass,10,-0.00017,0.00271,0.002482,0.0695,-2.00E-04,-0.0074,0.0666,0.0684,9.00E-04,-0.01,0.0655,0.0854,0.0079,-0.0079,0.0824,0.0953,0.003,-0.0225,0.0923,0.0085,0.0042,0.0027,0.002,0.0015,0.0139,0.0095,0.0081,0.0073,0.0069
NGS Super Pty Limited,NGS Super,Public offer,NGS Diversified (MySuper),Generic,Single strategy,,10253969,0.57,92650,0.8,0.00486,Pass,10,0.00418,0.0018,0.002482,0.0725,0.0042,-0.0017,0.0701,0.0676,-0.0011,-0.0082,0.0651,0.0815,0.003,-0.0079,0.0791,0.0928,-0.0019,-0.0221,0.0903,0.007,0.0031,0.0018,0.0012,8.00E-04,0.0149,0.011,0.0097,0.0091,0.0087
Nulis Nominees (Australia) Limited,MLC Super Fund,Public offer,MLC MySuper,Generic,Lifecycle,,37615188,0.39,397910,,-0.00101,Pass,10,-5.00E-05,0.00345,0.002482,,,,,,,,,,,,,,,,,,,,,,,,,,
Nulis Nominees (Australia) Limited,MLC Super Fund,Public offer,MLC MySuper,Generic,Lifecycle,MySuper Under 55,,,,0.78,,,,,,,0.0706,0,-0.0051,0.065,0.0728,0.0021,-0.0058,0.0673,0.0912,0.0069,-0.0029,0.0858,0.0941,-0.0048,-0.0216,0.0877,0.0087,0.0048,0.0034,0.0028,0.0024,0.0156,0.0116,0.0103,0.0096,0.0092
Nulis Nominees (Australia) Limited,MLC Super Fund,Public offer,MLC MySuper,Generic,Lifecycle,MySuper Age 55,,,,0.78,,,,,,,0.0703,-2.00E-04,-0.0053,0.0649,0.0724,0.0019,-0.006,0.0671,0.0906,0.0067,-0.0032,0.0855,0.0936,-0.0051,-0.0218,0.0876,0.0087,0.0048,0.0034,0.0028,0.0024,0.0156,0.0116,0.0103,0.0096,0.0092
Nulis Nominees (Australia) Limited,MLC Super Fund,Public offer,MLC MySuper,Generic,Lifecycle,MySuper Age 56,,,,0.77,,,,,,,0.07,-1.00E-04,-0.0053,0.0645,0.0719,0.0019,-0.006,0.0665,0.0898,0.0068,-0.0032,0.0847,0.0929,-0.005,-0.0217,0.087,0.0087,0.0048,0.0034,0.0028,0.0024,0.0156,0.0116,0.0103,0.0096,0.0092
Nulis Nominees (Australia) Limited,MLC Super Fund,Public offer,MLC MySuper,Generic,Lifecycle,MySuper Age 57,,,,0.77,,,,,,,0.0696,-1.00E-04,-0.0053,0.0641,0.0713,0.002,-0.006,0.066,0.089,0.007,-0.0031,0.0838,0.0923,-0.0049,-0.0216,0.0863,0.0087,0.0048,0.0034,0.0028,0.0024,0.0156,0.0116,0.0103,0.0096,0.0092
Nulis Nominees (Australia) Limited,MLC Super Fund,Public offer,MLC MySuper,Generic,Lifecycle,MySuper Age 58,,,,0.76,,,,,,,0.0692,-1.00E-04,-0.0053,0.0638,0.0708,0.0021,-0.006,0.0654,0.0882,0.0072,-0.0031,0.083,0.0916,-0.0048,-0.0215,0.0857,0.0087,0.0048,0.0034,0.0028,0.0024,0.0156,0.0116,0.0103,0.0096,0.0092
Nulis Nominees (Australia) Limited,MLC Super Fund,Public offer,MLC MySuper,Generic,Lifecycle,MySuper Age 59,,,,0.75,,,,,,,0.0688,-1.00E-04,-0.0053,0.0636,0.0702,0.0021,-0.006,0.0652,0.0874,0.0073,-0.003,0.0826,0.0909,-0.0047,-0.0213,0.0857,0.0087,0.0048,0.0034,0.0028,0.0024,0.0156,0.0116,0.0103,0.0096,0.0092
Nulis Nominees (Australia) Limited,MLC Super Fund,Public offer,MLC MySuper,Generic,Lifecycle,MySuper Age 60,,,,0.75,,,,,,,0.0684,0,-0.0053,0.063,0.0696,0.0021,-0.006,0.0643,0.0865,0.0075,-0.003,0.0814,0.0903,-0.0046,-0.0212,0.0844,0.0087,0.0048,0.0034,0.0028,0.0024,0.0156,0.0116,0.0103,0.0096,0.0092
Nulis Nominees (Australia) Limited,MLC Super Fund,Public offer,MLC MySuper,Generic,Lifecycle,MySuper Age 61,,,,0.74,,,,,,,0.068,1.00E-04,-0.0053,0.0626,0.0691,0.0022,-0.006,0.0638,0.0857,0.0077,-0.0029,0.0806,0.0896,-0.0045,-0.0211,0.0838,0.0087,0.0048,0.0034,0.0028,0.0024,0.0156,0.0116,0.0103,0.0096,0.0092
Nulis Nominees (Australia) Limited,MLC Super Fund,Public offer,MLC MySuper,Generic,Lifecycle,MySuper Age 62,,,,0.74,,,,,,,0.0674,-1.00E-04,-0.0055,0.062,0.0683,0.002,-0.0063,0.063,0.0845,0.0075,-0.0032,0.0794,0.0885,-0.0048,-0.0214,0.0827,0.0087,0.0048,0.0034,0.0028,0.0024,0.0156,0.0116,0.0103,0.0096,0.0092
Nulis Nominees (Australia) Limited,MLC Super Fund,Public offer,MLC MySuper,Generic,Lifecycle,MySuper Age 63,,,,0.71,,,,,,,0.0665,-2.00E-04,-0.0052,0.0611,0.0669,0.0019,-0.006,0.0616,0.0825,0.0072,-0.0026,0.0774,0.0868,-0.0047,-0.0205,0.081,0.0087,0.0048,0.0034,0.0028,0.0024,0.0155,0.0115,0.0102,0.0096,0.0092
Nulis Nominees (Australia) Limited,MLC Super Fund,Public offer,MLC MySuper,Generic,Lifecycle,MySuper Age 64,,,,0.69,,,,,,,0.0655,-2.00E-04,-0.005,0.0601,0.0655,0.0018,-0.0056,0.0602,0.0805,0.007,-0.0019,0.0754,0.0852,-0.0044,-0.0195,0.0794,0.0087,0.0048,0.0034,0.0028,0.0024,0.0155,0.0115,0.0102,0.0095,0.0091
Nulis Nominees (Australia) Limited,MLC Super Fund,Public offer,MLC MySuper,Generic,Lifecycle,MySuper 65 and Over,,,,0.67,,,,,,,0.0649,1.00E-04,-0.0044,0.0595,0.0646,0.0023,-0.0047,0.0593,0.0792,0.0075,-5.00E-04,0.0741,0.0842,-0.0034,-0.0179,0.0785,0.0087,0.0048,0.0034,0.0028,0.0024,0.0154,0.0114,0.0101,0.0094,0.009
Nulis Nominees (Australia) Limited,MLC Super Fund,Public offer,NAB Staff MySuper,MySuper Large Employer,Single strategy,,3579765,0.04,22320,0.78,0.00478,Pass,10,0.00282,0.00053,0.002482,0.072,0.0028,-0.0025,0.0701,0.068,0.0014,-0.0072,0.0663,0.0887,0.0109,1.00E-04,0.0868,0.0917,-0.0054,-0.0213,0.0895,5.00E-04,5.00E-04,5.00E-04,5.00E-04,5.00E-04,0.009,0.009,0.009,0.009,0.009
OnePath Custodians Pty Limited,Retirement Portfolio Service,Public offer,ANZ Smart Choice Super - My Super,Generic,Lifecycle,,20344617,0.39,290520,,-0.00173,Pass,10,-0.00125,0.00296,0.002482,,,,,,,,,,,,,,,,,,,,,,,,,,
OnePath Custodians Pty Limited,Retirement Portfolio Service,Public offer,ANZ Smart Choice Super - My Super,Generic,Lifecycle,ANZ Smart Choice 2000S,,,,0.83,,,,,,,,,,,0.0764,-0.0032,-0.0072,0.0742,0.0966,-0.001,-0.006,0.094,0.1131,-2.00E-04,-0.0088,0.1101,0.007,0.004,0.003,0.0024,0.0021,0.014,0.0109,0.0099,0.0094,0.0091
OnePath Custodians Pty Limited,Retirement Portfolio Service,Public offer,ANZ Smart Choice Super - My Super,Generic,Lifecycle,ANZ Smart Choice 1990S,,,,0.83,,,,,,,0.0781,-0.0017,-0.0054,0.0763,0.0771,-0.0024,-0.0064,0.075,0.0971,-5.00E-04,-0.0055,0.0945,0.1137,4.00E-04,-0.0082,0.1107,0.007,0.004,0.003,0.0024,0.0021,0.014,0.011,0.0099,0.0094,0.0091
OnePath Custodians Pty Limited,Retirement Portfolio Service,Public offer,ANZ Smart Choice Super - My Super,Generic,Lifecycle,ANZ Smart Choice 1980S,,,,0.83,,,,,,,0.0775,-0.0017,-0.0055,0.0758,0.0768,-0.0024,-0.0065,0.0747,0.0969,-2.00E-04,-0.0053,0.0943,0.1143,0.001,-0.0076,0.1113,0.007,0.004,0.003,0.0024,0.0021,0.0141,0.011,0.01,0.0095,0.0092
OnePath Custodians Pty Limited,Retirement Portfolio Service,Public offer,ANZ Smart Choice Super - My Super,Generic,Lifecycle,ANZ Smart Choice 1970S,,,,0.79,,,,,,,0.0732,-0.0017,-0.0064,0.0714,0.0727,-0.0023,-0.0074,0.0706,0.0905,-1.00E-04,-0.0064,0.0878,0.1096,0.0019,-0.0077,0.1066,0.007,0.004,0.003,0.0024,0.0021,0.0141,0.0111,0.01,0.0095,0.0092
OnePath Custodians Pty Limited,Retirement Portfolio Service,Public offer,ANZ Smart Choice Super - My Super,Generic,Lifecycle,ANZ Smart Choice 1960S,,,,0.74,,,,,,,0.068,-3.00E-04,-0.0053,0.0662,0.0699,4.00E-04,-0.0043,0.0677,0.0856,0.0039,-0.0015,0.083,0.1095,0.0068,-5.00E-04,0.1065,0.007,0.004,0.003,0.0024,0.0021,0.0136,0.0105,0.0095,0.009,0.0087
OnePath Custodians Pty Limited,Retirement Portfolio Service,Public offer,ANZ Smart Choice Super - My Super,Generic,Lifecycle,ANZ Smart Choice 1950S,,,,0.63,,,,,,,0.055,5.00E-04,-0.0067,0.0532,0.0566,0.0016,-0.0054,0.0545,0.0654,0.005,-0.0033,0.0628,0.0917,0.0085,-0.0022,0.0887,0.007,0.004,0.003,0.0024,0.0021,0.0134,0.0103,0.0093,0.0088,0.0085
OnePath Custodians Pty Limited,Retirement Portfolio Service,Public offer,ANZ Smart Choice Super - My Super,Generic,Lifecycle,ANZ Smart Choice 1940S,,,,0.5,,,,,,,0.0461,6.00E-04,-0.0063,0.0444,0.0483,0.0018,-0.0041,0.0462,0.054,0.0051,-8.00E-04,0.0514,0.078,0.009,1.00E-04,0.075,0.007,0.004,0.003,0.0024,0.0021,0.0134,0.0104,0.0094,0.0089,0.0085
OnePath Custodians Pty Limited,Retirement Portfolio Service,Public offer,ANZ Smart Choice Super - My Super - QBE SUPER PLAN,MySuper Large Employer,Lifecycle,,267944,0.01,1310,,-0.00156,Pass,10,-0.00108,0.00296,0.002482,,,,,,,,,,,,,,,,,,,,,,,,,,
OnePath Custodians Pty Limited,Retirement Portfolio Service,Public offer,ANZ Smart Choice Super - My Super - QBE SUPER PLAN,MySuper Large Employer,Lifecycle,ANZ Smart Choice 2000S,,,,0.83,,,,,,,,,,,0.0764,-0.0032,-0.0072,0.0744,0.0966,-0.001,-0.006,0.0942,0.1131,-2.00E-04,-0.0088,0.1102,0.007,0.004,0.003,0.0024,0.0021,0.014,0.0109,0.0099,0.0094,0.0091
OnePath Custodians Pty Limited,Retirement Portfolio Service,Public offer,ANZ Smart Choice Super - My Super - QBE SUPER PLAN,MySuper Large Employer,Lifecycle,ANZ Smart Choice 1990S,,,,0.83,,,,,,,0.0781,-0.0017,-0.0054,0.0764,0.0771,-0.0024,-0.0064,0.0751,0.0971,-5.00E-04,-0.0055,0.0947,0.1137,4.00E-04,-0.0082,0.1109,0.007,0.004,0.003,0.0024,0.0021,0.014,0.011,0.0099,0.0094,0.0091
OnePath Custodians Pty Limited,Retirement Portfolio Service,Public offer,ANZ Smart Choice Super - My Super - QBE SUPER PLAN,MySuper Large Employer,Lifecycle,ANZ Smart Choice 1980S,,,,0.83,,,,,,,0.0775,-0.0017,-0.0055,0.0759,0.0768,-0.0024,-0.0065,0.0748,0.0969,-2.00E-04,-0.0053,0.0944,0.1143,0.001,-0.0076,0.1114,0.007,0.004,0.003,0.0024,0.0021,0.0141,0.011,0.01,0.0095,0.0092
OnePath Custodians Pty Limited,Retirement Portfolio Service,Public offer,ANZ Smart Choice Super - My Super - QBE SUPER PLAN,MySuper Large Employer,Lifecycle,ANZ Smart Choice 1970S,,,,0.79,,,,,,,0.0732,-0.0017,-0.0064,0.0715,0.0727,-0.0023,-0.0074,0.0707,0.0905,-1.00E-04,-0.0064,0.088,0.1096,0.0019,-0.0077,0.1067,0.007,0.004,0.003,0.0024,0.0021,0.0141,0.0111,0.01,0.0095,0.0092
OnePath Custodians Pty Limited,Retirement Portfolio Service,Public offer,ANZ Smart Choice Super - My Super - QBE SUPER PLAN,MySuper Large Employer,Lifecycle,ANZ Smart Choice 1960S,,,,0.74,,,,,,,0.068,-3.00E-04,-0.0053,0.0663,0.0699,4.00E-04,-0.0043,0.0679,0.0856,0.0039,-0.0015,0.0832,0.1095,0.0068,-5.00E-04,0.1066,0.007,0.004,0.003,0.0024,0.0021,0.0136,0.0105,0.0095,0.009,0.0087
OnePath Custodians Pty Limited,Retirement Portfolio Service,Public offer,ANZ Smart Choice Super - My Super - QBE SUPER PLAN,MySuper Large Employer,Lifecycle,ANZ Smart Choice 1950S,,,,0.63,,,,,,,0.055,5.00E-04,-0.0067,0.0533,0.0566,0.0016,-0.0054,0.0546,0.0654,0.005,-0.0033,0.063,0.0917,0.0085,-0.0022,0.0888,0.007,0.004,0.003,0.0024,0.0021,0.0134,0.0103,0.0093,0.0088,0.0085
OnePath Custodians Pty Limited,Retirement Portfolio Service,Public offer,ANZ Smart Choice Super - My Super - QBE SUPER PLAN,MySuper Large Employer,Lifecycle,ANZ Smart Choice 1940S,,,,0.5,,,,,,,0.0461,6.00E-04,-0.0063,0.0445,0.0483,0.0018,-0.0041,0.0464,0.054,0.0051,-8.00E-04,0.0516,0.078,0.009,1.00E-04,0.0751,0.007,0.004,0.003,0.0024,0.0021,0.0134,0.0104,0.0094,0.0089,0.0085
Prime Super Pty Ltd,Prime Super,Public offer,MySuper,Generic,Single strategy,,6478241,0.74,131580,0.74,0.00075,Pass,10,0.00462,0.00635,0.002482,0.0733,0.0046,3.00E-04,0.0666,0.0682,9.00E-04,-0.0061,0.0615,0.0825,0.0045,-0.0049,0.0757,0.0969,0.0026,-0.0144,0.0901,0.0118,0.0077,0.0064,0.0057,0.0025,0.0163,0.0122,0.0109,0.0102,0.007
Rei Superannuation Fund Pty Limited,Rei Super,Public offer,Rei Super MySuper,Generic,Single strategy,,1881913,0.71,20760,0.75,0.00198,Pass,10,0.0019,0.0024,0.002482,0.0663,0.0019,-0.008,0.0628,0.0644,5.00E-04,-0.0113,0.0608,0.0843,0.0086,-0.0047,0.0804,0.0969,0.0026,-0.0178,0.0929,0.0024,0.0024,0.0024,0.0024,0.0024,0.0096,0.0096,0.0096,0.0096,0.0096
Retail Employees Superannuation Pty. Limited,Retail Employees Superannuation Trust,Public offer,MySuper,Generic,Single strategy,,79260333,0.78,1993150,0.76,-0.00194,Pass,10,-0.00186,0.00256,0.002482,0.0679,-0.0019,-0.0062,0.0655,0.0664,-0.0023,-0.0092,0.0638,0.0838,0.0049,-0.0051,0.081,0.0926,-6.00E-04,-0.0211,0.0899,0.0088,0.0041,0.0026,0.0018,0.0013,0.0143,0.0096,0.0081,0.0073,0.0068
Team Super Pty Ltd,Team Superannuation Fund,Public offer,MySuper Lifecycle,Generic,Lifecycle,,15075690,0.62,128470,,-0.00105,Pass,10,-0.00143,0.0021,0.002482,,,,,,,,,,,,,,,,,,,,,,,,,,
Team Super Pty Ltd,Team Superannuation Fund,Public offer,MySuper Lifecycle,Generic,Lifecycle,MySuper Under Age 50,,,,0.94,,,,,,,0.0859,0,-0.002,0.083,0.0889,0.001,-0.0021,0.0862,0.1136,0.0038,4.00E-04,0.1111,0.1292,-0.0019,-0.0082,0.1268,0.0048,0.0028,0.0021,0.0018,0.0016,0.0102,0.0083,0.0076,0.0073,0.0071
Team Super Pty Ltd,Team Superannuation Fund,Public offer,MySuper Lifecycle,Generic,Lifecycle,MySuper Age 50 to 54,,,,0.83,,,,,,,0.0771,-0.0011,-0.0041,0.0742,0.0803,-4.00E-04,-0.0043,0.0776,0.1024,0.0049,0,0.0999,0.1167,-0.0011,-0.0099,0.1143,0.0048,0.0028,0.0021,0.0018,0.0016,0.0107,0.0087,0.0081,0.0077,0.0075
Team Super Pty Ltd,Team Superannuation Fund,Public offer,MySuper Lifecycle,Generic,Lifecycle,MySuper Age 55 and above,,,,0.76,,,,,,,0.0457,-0.0047,-0.0093,0.0428,0.0472,-0.0052,-0.0098,0.0445,0.0582,0.0042,-0.0024,0.0558,0.0793,-0.0017,-0.016,0.0769,0.0048,0.0028,0.0021,0.0018,0.0016,0.0106,0.0086,0.0079,0.0076,0.0074
Telstra Super Pty Ltd,Telstra Superannuation Scheme,Public offer,TelstraSuper MySuper,Generic,Lifecycle,,9417339,0.34,56330,,0.00091,Pass,10,0.00107,0.00264,0.002482,,,,,,,,,,,,,,,,,,,,,,,,,,
Telstra Super Pty Ltd,Telstra Superannuation Scheme,Public offer,TelstraSuper MySuper,Generic,Lifecycle,MySuper Growth,,,,0.88,,,,,,,0.0799,0,-0.0044,0.0764,0.0807,0.0021,-0.0049,0.0774,0.1027,0.0079,-0.0028,0.0995,0.1051,-2.00E-04,-0.0218,0.1022,0.0068,0.0037,0.0026,0.0021,0.0018,0.0132,0.0101,0.0091,0.0085,0.0082
Telstra Super Pty Ltd,Telstra Superannuation Scheme,Public offer,TelstraSuper MySuper,Generic,Lifecycle,MySuper Balanced,,,,0.78,,,,,,,0.0691,0.0011,-0.005,0.0656,0.069,0.0032,-0.0059,0.0657,0.0871,0.0109,-0.0015,0.0839,0.0888,8.00E-04,-0.0232,0.0859,0.0068,0.0037,0.0026,0.0021,0.0018,0.0131,0.01,0.0089,0.0084,0.0081
Telstra Super Pty Ltd,Telstra Superannuation Scheme,Public offer,TelstraSuper MySuper,Generic,Lifecycle,MySuper Moderate,,,,0.63,,,,,,,0.0515,0.0065,1.00E-04,0.0481,0.05,0.0073,-0.0018,0.0468,0.0576,0.0135,0.004,0.0544,0.0679,0.0066,-0.0163,0.065,0.0068,0.0037,0.0026,0.0021,0.0018,0.0112,0.0081,0.007,0.0065,0.0062
Telstra Super Pty Ltd,Telstra Superannuation Scheme,Public offer,TelstraSuper MySuper,Generic,Lifecycle,MySuper Conservative,,,,0.45,,,,,,,0.0476,0.007,0,0.0441,0.0444,0.008,-0.002,0.0411,0.0496,0.0145,0.0037,0.0465,0.0545,0.0084,-0.0165,0.0517,0.0068,0.0037,0.0026,0.0021,0.0018,0.0111,0.008,0.0069,0.0064,0.0061
Togethr Trustees Pty Ltd,equipsuper,Public offer,Equip Super and Catholic Super - MySuper members,Generic,Single strategy,,15262367,0.4,97070,0.72,0.00542,Pass,10,0.00544,0.0025,0.002482,0.072,0.0054,4.00E-04,0.069,0.0687,0.0013,-0.0043,0.0658,0.0819,0.0042,-0.004,0.0789,0.0971,0.0016,-0.0117,0.0942,0.006,0.0034,0.0025,0.0021,0.0018,0.0111,0.0085,0.0076,0.0072,0.0069
Total Risk Management Pty Limited,Russell Investments Master Trust,Public offer,"MySuper - IQ Super, Resource Super & Nationwide",Generic,Lifecycle,,4756156,0.36,45880,,-0.00351,Pass,10,-0.00349,0.0025,0.002482,,,,,,,,,,,,,,,,,,,,,,,,,,
Total Risk Management Pty Limited,Russell Investments Master Trust,Public offer,"MySuper - IQ Super, Resource Super & Nationwide",Generic,Lifecycle,RIMT GOALTRACKER 25 AND UNDER,,,,0.94,,,,,,,0.0803,-0.0038,-0.0055,0.0749,0.0855,-0.0055,-0.0066,0.081,0.1068,-0.0039,-0.005,0.1031,0.1253,-0.0069,-0.0112,0.1221,0.0066,0.0035,0.0025,0.002,0.0017,0.0136,0.0105,0.0095,0.009,0.0087
Total Risk Management Pty Limited,Russell Investments Master Trust,Public offer,"MySuper - IQ Super, Resource Super & Nationwide",Generic,Lifecycle,RIMT GOALTRACKER 26,,,,0.94,,,,,,,0.0803,-0.0038,-0.0055,0.0749,0.0855,-0.0055,-0.0066,0.081,0.1068,-0.0039,-0.005,0.1031,0.1253,-0.0069,-0.0112,0.1221,0.0066,0.0035,0.0025,0.002,0.0017,0.0136,0.0105,0.0095,0.009,0.0087
Total Risk Management Pty Limited,Russell Investments Master Trust,Public offer,"MySuper - IQ Super, Resource Super & Nationwide",Generic,Lifecycle,RIMT GOALTRACKER 27,,,,0.94,,,,,,,0.0803,-0.0038,-0.0055,0.0749,0.0855,-0.0055,-0.0066,0.081,0.1068,-0.0039,-0.005,0.1031,0.1253,-0.0069,-0.0112,0.1221,0.0066,0.0035,0.0025,0.002,0.0017,0.0136,0.0105,0.0095,0.009,0.0087
Total Risk Management Pty Limited,Russell Investments Master Trust,Public offer,"MySuper - IQ Super, Resource Super & Nationwide",Generic,Lifecycle,RIMT GOALTRACKER 28,,,,0.94,,,,,,,0.0803,-0.0038,-0.0055,0.0749,0.0855,-0.0055,-0.0066,0.081,0.1068,-0.0039,-0.005,0.1031,0.1253,-0.0069,-0.0112,0.1221,0.0066,0.0035,0.0025,0.002,0.0017,0.0136,0.0105,0.0095,0.009,0.0087
Total Risk Management Pty Limited,Russell Investments Master Trust,Public offer,"MySuper - IQ Super, Resource Super & Nationwide",Generic,Lifecycle,RIMT GOALTRACKER 29,,,,0.94,,,,,,,0.0803,-0.0038,-0.0055,0.0749,0.0855,-0.0055,-0.0066,0.081,0.1068,-0.0039,-0.005,0.1031,0.1253,-0.0069,-0.0112,0.1221,0.0066,0.0035,0.0025,0.002,0.0017,0.0136,0.0105,0.0095,0.009,0.0087
Total Risk Management Pty Limited,Russell Investments Master Trust,Public offer,"MySuper - IQ Super, Resource Super & Nationwide",Generic,Lifecycle,RIMT GOALTRACKER 30,,,,0.94,,,,,,,0.0803,-0.0038,-0.0055,0.0749,0.0855,-0.0055,-0.0066,0.081,0.1068,-0.0039,-0.005,0.1031,0.1253,-0.0069,-0.0112,0.1221,0.0066,0.0035,0.0025,0.002,0.0017,0.0136,0.0105,0.0095,0.009,0.0087
Total Risk Management Pty Limited,Russell Investments Master Trust,Public offer,"MySuper - IQ Super, Resource Super & Nationwide",Generic,Lifecycle,RIMT GOALTRACKER 31,,,,0.94,,,,,,,0.0803,-0.0038,-0.0055,0.0749,0.0855,-0.0055,-0.0066,0.081,0.1068,-0.0039,-0.005,0.1031,0.1253,-0.0069,-0.0112,0.1221,0.0066,0.0035,0.0025,0.002,0.0017,0.0136,0.0105,0.0095,0.009,0.0087
Total Risk Management Pty Limited,Russell Investments Master Trust,Public offer,"MySuper - IQ Super, Resource Super & Nationwide",Generic,Lifecycle,RIMT GOALTRACKER 32,,,,0.94,,,,,,,0.0803,-0.0038,-0.0055,0.0749,0.0855,-0.0055,-0.0066,0.081,0.1068,-0.0039,-0.005,0.1031,0.1253,-0.0069,-0.0112,0.1221,0.0066,0.0035,0.0025,0.002,0.0017,0.0136,0.0105,0.0095,0.009,0.0087
Total Risk Management Pty Limited,Russell Investments Master Trust,Public offer,"MySuper - IQ Super, Resource Super & Nationwide",Generic,Lifecycle,RIMT GOALTRACKER 33,,,,0.94,,,,,,,0.0803,-0.0038,-0.0055,0.0749,0.0855,-0.0055,-0.0066,0.081,0.1068,-0.0039,-0.005,0.1031,0.1253,-0.0069,-0.0112,0.1221,0.0066,0.0035,0.0025,0.002,0.0017,0.0136,0.0105,0.0095,0.009,0.0087
Total Risk Management Pty Limited,Russell Investments Master Trust,Public offer,"MySuper - IQ Super, Resource Super & Nationwide",Generic,Lifecycle,RIMT GOALTRACKER 34,,,,0.94,,,,,,,0.0803,-0.0038,-0.0055,0.0749,0.0855,-0.0055,-0.0066,0.081,0.1068,-0.0039,-0.005,0.1031,0.1253,-0.0069,-0.0112,0.1221,0.0066,0.0035,0.0025,0.002,0.0017,0.0136,0.0105,0.0095,0.009,0.0087
Total Risk Management Pty Limited,Russell Investments Master Trust,Public offer,"MySuper - IQ Super, Resource Super & Nationwide",Generic,Lifecycle,RIMT GOALTRACKER 35,,,,0.94,,,,,,,0.0803,-0.0038,-0.0055,0.0749,0.0855,-0.0055,-0.0066,0.081,0.1068,-0.0039,-0.005,0.1031,0.1253,-0.0069,-0.0112,0.1221,0.0066,0.0035,0.0025,0.002,0.0017,0.0136,0.0105,0.0095,0.009,0.0087
Total Risk Management Pty Limited,Russell Investments Master Trust,Public offer,"MySuper - IQ Super, Resource Super & Nationwide",Generic,Lifecycle,RIMT GOALTRACKER 36,,,,0.94,,,,,,,0.0803,-0.0038,-0.0055,0.0749,0.0855,-0.0055,-0.0066,0.081,0.1068,-0.0039,-0.005,0.1031,0.1253,-0.0069,-0.0112,0.1221,0.0066,0.0035,0.0025,0.002,0.0017,0.0136,0.0105,0.0095,0.009,0.0087
Total Risk Management Pty Limited,Russell Investments Master Trust,Public offer,"MySuper - IQ Super, Resource Super & Nationwide",Generic,Lifecycle,RIMT GOALTRACKER 37,,,,0.94,,,,,,,0.0803,-0.0038,-0.0055,0.0749,0.0855,-0.0055,-0.0066,0.081,0.1068,-0.0039,-0.005,0.1031,0.1253,-0.0069,-0.0112,0.1221,0.0066,0.0035,0.0025,0.002,0.0017,0.0136,0.0105,0.0095,0.009,0.0087
Total Risk Management Pty Limited,Russell Investments Master Trust,Public offer,"MySuper - IQ Super, Resource Super & Nationwide",Generic,Lifecycle,RIMT GOALTRACKER 38,,,,0.94,,,,,,,0.0803,-0.0038,-0.0055,0.0749,0.0855,-0.0055,-0.0066,0.081,0.1068,-0.0039,-0.005,0.1031,0.1253,-0.0069,-0.0112,0.1221,0.0066,0.0035,0.0025,0.002,0.0017,0.0136,0.0105,0.0095,0.009,0.0087
Total Risk Management Pty Limited,Russell Investments Master Trust,Public offer,"MySuper - IQ Super, Resource Super & Nationwide",Generic,Lifecycle,RIMT GOALTRACKER 39,,,,0.94,,,,,,,0.0803,-0.0038,-0.0055,0.0749,0.0855,-0.0055,-0.0066,0.081,0.1068,-0.0039,-0.005,0.1031,0.1253,-0.0069,-0.0112,0.1221,0.0066,0.0035,0.0025,0.002,0.0017,0.0136,0.0105,0.0095,0.009,0.0087
Total Risk Management Pty Limited,Russell Investments Master Trust,Public offer,"MySuper - IQ Super, Resource Super & Nationwide",Generic,Lifecycle,RIMT GOALTRACKER 40,,,,0.94,,,,,,,0.0803,-0.0038,-0.0055,0.0749,0.0855,-0.0055,-0.0066,0.081,0.1068,-0.0039,-0.005,0.1031,0.1253,-0.0069,-0.0112,0.1221,0.0066,0.0035,0.0025,0.002,0.0017,0.0136,0.0105,0.0095,0.009,0.0087
Total Risk Management Pty Limited,Russell Investments Master Trust,Public offer,"MySuper - IQ Super, Resource Super & Nationwide",Generic,Lifecycle,RIMT GOALTRACKER 41,,,,0.94,,,,,,,0.0803,-0.0038,-0.0055,0.0749,0.0855,-0.0055,-0.0066,0.081,0.1068,-0.0039,-0.005,0.1031,0.1253,-0.0069,-0.0112,0.1221,0.0066,0.0035,0.0025,0.002,0.0017,0.0136,0.0105,0.0095,0.009,0.0087
Total Risk Management Pty Limited,Russell Investments Master Trust,Public offer,"MySuper - IQ Super, Resource Super & Nationwide",Generic,Lifecycle,RIMT GOALTRACKER 42,,,,0.94,,,,,,,0.0803,-0.0038,-0.0055,0.0749,0.0855,-0.0055,-0.0066,0.081,0.1068,-0.0039,-0.005,0.1031,0.1253,-0.0069,-0.0112,0.1221,0.0066,0.0035,0.0025,0.002,0.0017,0.0136,0.0105,0.0095,0.009,0.0087
Total Risk Management Pty Limited,Russell Investments Master Trust,Public offer,"MySuper - IQ Super, Resource Super & Nationwide",Generic,Lifecycle,RIMT GOALTRACKER 43,,,,0.94,,,,,,,0.0803,-0.0038,-0.0055,0.0749,0.0855,-0.0055,-0.0066,0.081,0.1068,-0.0039,-0.005,0.1031,0.1253,-0.0069,-0.0112,0.1221,0.0066,0.0035,0.0025,0.002,0.0017,0.0136,0.0105,0.0095,0.009,0.0087
Total Risk Management Pty Limited,Russell Investments Master Trust,Public offer,"MySuper - IQ Super, Resource Super & Nationwide",Generic,Lifecycle,RIMT GOALTRACKER 44,,,,0.94,,,,,,,0.0803,-0.0038,-0.0055,0.0749,0.0855,-0.0055,-0.0066,0.081,0.1068,-0.0039,-0.005,0.1031,0.1253,-0.0069,-0.0112,0.1221,0.0066,0.0035,0.0025,0.002,0.0017,0.0136,0.0105,0.0095,0.009,0.0087
Total Risk Management Pty Limited,Russell Investments Master Trust,Public offer,"MySuper - IQ Super, Resource Super & Nationwide",Generic,Lifecycle,RIMT GOALTRACKER 45,,,,0.94,,,,,,,0.0803,-0.0038,-0.0055,0.0749,0.0855,-0.0055,-0.0066,0.081,0.1068,-0.0039,-0.005,0.1031,0.1253,-0.0069,-0.0112,0.1221,0.0066,0.0035,0.0025,0.002,0.0017,0.0136,0.0105,0.0095,0.009,0.0087
Total Risk Management Pty Limited,Russell Investments Master Trust,Public offer,"MySuper - IQ Super, Resource Super & Nationwide",Generic,Lifecycle,RIMT GOALTRACKER 46,,,,0.94,,,,,,,0.0803,-0.0038,-0.0055,0.0749,0.0855,-0.0055,-0.0066,0.081,0.1068,-0.0039,-0.005,0.1031,0.1253,-0.0069,-0.0112,0.1221,0.0066,0.0035,0.0025,0.002,0.0017,0.0136,0.0105,0.0095,0.009,0.0087
Total Risk Management Pty Limited,Russell Investments Master Trust,Public offer,"MySuper - IQ Super, Resource Super & Nationwide",Generic,Lifecycle,RIMT GOALTRACKER 47,,,,0.94,,,,,,,0.0803,-0.0038,-0.0055,0.0749,0.0855,-0.0055,-0.0066,0.081,0.1068,-0.0039,-0.005,0.1031,0.1253,-0.0069,-0.0112,0.1221,0.0066,0.0035,0.0025,0.002,0.0017,0.0136,0.0105,0.0095,0.009,0.0087
Total Risk Management Pty Limited,Russell Investments Master Trust,Public offer,"MySuper - IQ Super, Resource Super & Nationwide",Generic,Lifecycle,RIMT GOALTRACKER 48,,,,0.94,,,,,,,0.0803,-0.0038,-0.0055,0.0749,0.0855,-0.0055,-0.0066,0.081,0.1068,-0.0039,-0.005,0.1031,0.1253,-0.0069,-0.0112,0.1221,0.0066,0.0035,0.0025,0.002,0.0017,0.0136,0.0105,0.0095,0.009,0.0087
Total Risk Management Pty Limited,Russell Investments Master Trust,Public offer,"MySuper - IQ Super, Resource Super & Nationwide",Generic,Lifecycle,RIMT GOALTRACKER 49,,,,0.94,,,,,,,0.0803,-0.0038,-0.0055,0.0749,0.0855,-0.0055,-0.0066,0.081,0.1068,-0.0039,-0.005,0.1031,0.1253,-0.0069,-0.0112,0.1221,0.0066,0.0035,0.0025,0.002,0.0017,0.0136,0.0105,0.0095,0.009,0.0087
Total Risk Management Pty Limited,Russell Investments Master Trust,Public offer,"MySuper - IQ Super, Resource Super & Nationwide",Generic,Lifecycle,RIMT GOALTRACKER 50,,,,0.94,,,,,,,0.0803,-0.0038,-0.0055,0.0749,0.0855,-0.0055,-0.0066,0.081,0.1068,-0.0039,-0.005,0.1031,0.1253,-0.0069,-0.0112,0.1221,0.0066,0.0035,0.0025,0.002,0.0017,0.0136,0.0105,0.0095,0.009,0.0087
Total Risk Management Pty Limited,Russell Investments Master Trust,Public offer,"MySuper - IQ Super, Resource Super & Nationwide",Generic,Lifecycle,RIMT GOALTRACKER 51,,,,0.92,,,,,,,0.0787,-0.0039,-0.0059,0.0733,0.0832,-0.0057,-0.0071,0.0787,0.1036,-0.0039,-0.0056,0.1,0.1223,-0.0065,-0.0116,0.1192,0.0066,0.0035,0.0025,0.002,0.0017,0.0136,0.0105,0.0095,0.009,0.0087
Total Risk Management Pty Limited,Russell Investments Master Trust,Public offer,"MySuper - IQ Super, Resource Super & Nationwide",Generic,Lifecycle,RIMT GOALTRACKER 52,,,,0.9,,,,,,,0.0773,-0.0038,-0.0061,0.072,0.0811,-0.0055,-0.0074,0.0767,0.1009,-0.0035,-0.0057,0.0974,0.1193,-0.0063,-0.012,0.1162,0.0066,0.0035,0.0025,0.002,0.0017,0.0136,0.0105,0.0095,0.009,0.0087
Total Risk Management Pty Limited,Russell Investments Master Trust,Public offer,"MySuper - IQ Super, Resource Super & Nationwide",Generic,Lifecycle,RIMT GOALTRACKER 53,,,,0.88,,,,,,,0.0759,-0.0036,-0.0062,0.0705,0.0791,-0.0053,-0.0075,0.0746,0.0983,-0.003,-0.0058,0.0945,0.1164,-0.0058,-0.0123,0.1132,0.0066,0.0035,0.0025,0.002,0.0017,0.0136,0.0105,0.0095,0.009,0.0087
Total Risk Management Pty Limited,Russell Investments Master Trust,Public offer,"MySuper - IQ Super, Resource Super & Nationwide",Generic,Lifecycle,RIMT GOALTRACKER 54,,,,0.86,,,,,,,0.0744,-0.0035,-0.0064,0.0691,0.0769,-0.0052,-0.0079,0.0726,0.0952,-0.0028,-0.0063,0.0917,0.1134,-0.0053,-0.0127,0.1103,0.0066,0.0035,0.0025,0.002,0.0017,0.0136,0.0105,0.0095,0.009,0.0087
Total Risk Management Pty Limited,Russell Investments Master Trust,Public offer,"MySuper - IQ Super, Resource Super & Nationwide",Generic,Lifecycle,RIMT GOALTRACKER 55,,,,0.83,,,,,,,0.0729,-0.0034,-0.0066,0.0676,0.0749,-0.0049,-0.0081,0.0705,0.0925,-0.0023,-0.0065,0.0889,0.1104,-0.005,-0.0132,0.1073,0.0066,0.0035,0.0025,0.002,0.0017,0.0136,0.0105,0.0095,0.009,0.0087
Total Risk Management Pty Limited,Russell Investments Master Trust,Public offer,"MySuper - IQ Super, Resource Super & Nationwide",Generic,Lifecycle,RIMT GOALTRACKER 56,,,,0.81,,,,,,,0.0715,-0.0032,-0.0068,0.0662,0.0729,-0.0047,-0.0084,0.0685,0.0898,-0.0018,-0.0066,0.0862,0.1075,-0.0044,-0.0135,0.1043,0.0066,0.0035,0.0025,0.002,0.0017,0.0136,0.0105,0.0095,0.009,0.0087
Total Risk Management Pty Limited,Russell Investments Master Trust,Public offer,"MySuper - IQ Super, Resource Super & Nationwide",Generic,Lifecycle,RIMT GOALTRACKER 57,,,,0.79,,,,,,,0.07,-0.0033,-0.0071,0.0647,0.0707,-0.0048,-0.0088,0.0663,0.0869,-0.0017,-0.007,0.0834,0.1045,-0.0044,-0.014,0.1014,0.0066,0.0035,0.0025,0.002,0.0017,0.0136,0.0105,0.0095,0.009,0.0087
Total Risk Management Pty Limited,Russell Investments Master Trust,Public offer,"MySuper - IQ Super, Resource Super & Nationwide",Generic,Lifecycle,RIMT GOALTRACKER 58,,,,0.77,,,,,,,0.0685,-0.0032,-0.0073,0.0631,0.0685,-0.0047,-0.0091,0.064,0.084,-0.0014,-0.0072,0.0804,0.1016,-0.0039,-0.0143,0.0984,0.0066,0.0035,0.0025,0.002,0.0017,0.0136,0.0105,0.0095,0.009,0.0087
Total Risk Management Pty Limited,Russell Investments Master Trust,Public offer,"MySuper - IQ Super, Resource Super & Nationwide",Generic,Lifecycle,RIMT GOALTRACKER 59,,,,0.75,,,,,,,0.067,-0.0031,-0.0075,0.0618,0.0664,-0.0045,-0.0093,0.0622,0.0813,-8.00E-04,-0.0074,0.0779,0.0985,-0.0035,-0.0148,0.0955,0.0066,0.0035,0.0025,0.002,0.0017,0.0136,0.0105,0.0095,0.009,0.0087
Total Risk Management Pty Limited,Russell Investments Master Trust,Public offer,"MySuper - IQ Super, Resource Super & Nationwide",Generic,Lifecycle,RIMT GOALTRACKER 60,,,,0.73,,,,,,,0.0657,-0.0028,-0.0075,0.0604,0.0646,-0.004,-0.0094,0.0602,0.0786,-2.00E-04,-0.0075,0.0751,0.0957,-0.0029,-0.0151,0.0925,0.0066,0.0035,0.0025,0.002,0.0017,0.0136,0.0105,0.0095,0.009,0.0087
Total Risk Management Pty Limited,Russell Investments Master Trust,Public offer,"MySuper - IQ Super, Resource Super & Nationwide",Generic,Lifecycle,RIMT GOALTRACKER 61,,,,0.73,,,,,,,0.0657,-0.0028,-0.0075,0.0604,0.0646,-0.004,-0.0094,0.0602,0.0786,-2.00E-04,-0.0075,0.0751,0.0957,-0.0029,-0.0151,0.0925,0.0066,0.0035,0.0025,0.002,0.0017,0.0136,0.0105,0.0095,0.009,0.0087
Total Risk Management Pty Limited,Russell Investments Master Trust,Public offer,"MySuper - IQ Super, Resource Super & Nationwide",Generic,Lifecycle,RIMT GOALTRACKER 62,,,,0.73,,,,,,,0.0657,-0.0028,-0.0075,0.0604,0.0646,-0.004,-0.0094,0.0602,0.0786,-2.00E-04,-0.0075,0.0751,0.0957,-0.0029,-0.0151,0.0925,0.0066,0.0035,0.0025,0.002,0.0017,0.0136,0.0105,0.0095,0.009,0.0087
Total Risk Management Pty Limited,Russell Investments Master Trust,Public offer,"MySuper - IQ Super, Resource Super & Nationwide",Generic,Lifecycle,RIMT GOALTRACKER 63,,,,0.73,,,,,,,0.0657,-0.0028,-0.0075,0.0604,0.0646,-0.004,-0.0094,0.0602,0.0786,-2.00E-04,-0.0075,0.0751,0.0957,-0.0029,-0.0151,0.0925,0.0066,0.0035,0.0025,0.002,0.0017,0.0136,0.0105,0.0095,0.009,0.0087
Total Risk Management Pty Limited,Russell Investments Master Trust,Public offer,"MySuper - IQ Super, Resource Super & Nationwide",Generic,Lifecycle,RIMT GOALTRACKER 64,,,,0.73,,,,,,,0.0657,-0.0028,-0.0075,0.0604,0.0646,-0.004,-0.0094,0.0602,0.0786,-2.00E-04,-0.0075,0.0751,0.0957,-0.0029,-0.0151,0.0925,0.0066,0.0035,0.0025,0.002,0.0017,0.0136,0.0105,0.0095,0.009,0.0087
Total Risk Management Pty Limited,Russell Investments Master Trust,Public offer,"MySuper - IQ Super, Resource Super & Nationwide",Generic,Lifecycle,RIMT GOALTRACKER 65 AND OVER,,,,0.73,,,,,,,0.0657,-0.0028,-0.0075,0.0604,0.0646,-0.004,-0.0094,0.0602,0.0786,-2.00E-04,-0.0075,0.0751,0.0957,-0.0029,-0.0151,0.0925,0.0066,0.0035,0.0025,0.002,0.0017,0.0136,0.0105,0.0095,0.009,0.0087
Unisuper Limited,Unisuper,Public offer,MySuper Offering,Generic,Single strategy,,38756788,0.21,404200,0.75,0.01158,Pass,10,0.01073,0.00163,0.002482,0.0785,0.0107,0.0055,0.0765,0.0752,0.0083,0.0016,0.0733,0.0843,0.0066,-0.0018,0.0824,0.0997,0.004,-0.0107,0.0979,0.0082,0.0033,0.0016,8.00E-04,3.00E-04,0.0146,0.0097,0.008,0.0072,0.0067
United Super Pty Ltd,CONSTRUCTION AND BUILDING UNIONS SUPERANNUATION FUND,Public offer,Growth (MySuper),Generic,Single strategy,,71870703,0.71,770810,0.77,0.00821,Pass,10,0.00902,0.00329,0.002482,0.0783,0.009,0.0034,0.0747,0.071,0.0044,-0.0053,0.0671,0.0837,0.0073,-0.006,0.0798,0.0919,0.0012,-0.0228,0.0881,0.008,0.0045,0.0033,0.0027,0.0024,0.0132,0.0097,0.0086,0.008,0.0076
Vanguard Super Pty Ltd,Vanguard Super,Public offer,Vanguard MySuper,Generic,Lifecycle,,1442756,0.45,20870,,,Pass*,2.5,,0.00288,0.002482,,,,,,,,,,,,,,,,,,,,,,,,,,
Vanguard Super Pty Ltd,Vanguard Super,Public offer,Vanguard MySuper,Generic,Lifecycle,Lifecycle Age 47 and under,,,,0.92,,,,,,,,,,,,,,,,,,,,,,,0.0029,0.0029,0.0029,0.0029,0.0029,0.0049,0.0049,0.0049,0.0049,0.0049
Vanguard Super Pty Ltd,Vanguard Super,Public offer,Vanguard MySuper,Generic,Lifecycle,Lifecycle Age 48,,,,0.91,,,,,,,,,,,,,,,,,,,,,,,0.0029,0.0029,0.0029,0.0029,0.0029,0.0049,0.0049,0.0049,0.0049,0.0049
Vanguard Super Pty Ltd,Vanguard Super,Public offer,Vanguard MySuper,Generic,Lifecycle,Lifecycle Age 49,,,,0.89,,,,,,,,,,,,,,,,,,,,,,,0.0029,0.0029,0.0029,0.0029,0.0029,0.0049,0.0049,0.0049,0.0049,0.0049
Vanguard Super Pty Ltd,Vanguard Super,Public offer,Vanguard MySuper,Generic,Lifecycle,Lifecycle Age 50,,,,0.87,,,,,,,,,,,,,,,,,,,,,,,0.0029,0.0029,0.0029,0.0029,0.0029,0.0049,0.0049,0.0049,0.0049,0.0049
Vanguard Super Pty Ltd,Vanguard Super,Public offer,Vanguard MySuper,Generic,Lifecycle,Lifecycle Age 51,,,,0.85,,,,,,,,,,,,,,,,,,,,,,,0.0029,0.0029,0.0029,0.0029,0.0029,0.0049,0.0049,0.0049,0.0049,0.0049
Vanguard Super Pty Ltd,Vanguard Super,Public offer,Vanguard MySuper,Generic,Lifecycle,Lifecycle Age 52,,,,0.84,,,,,,,,,,,,,,,,,,,,,,,0.0029,0.0029,0.0029,0.0029,0.0029,0.0049,0.0049,0.0049,0.0049,0.0049
Vanguard Super Pty Ltd,Vanguard Super,Public offer,Vanguard MySuper,Generic,Lifecycle,Lifecycle Age 53,,,,0.82,,,,,,,,,,,,,,,,,,,,,,,0.0029,0.0029,0.0029,0.0029,0.0029,0.0049,0.0049,0.0049,0.0049,0.0049
Vanguard Super Pty Ltd,Vanguard Super,Public offer,Vanguard MySuper,Generic,Lifecycle,Lifecycle Age 54,,,,0.8,,,,,,,,,,,,,,,,,,,,,,,0.0029,0.0029,0.0029,0.0029,0.0029,0.0049,0.0049,0.0049,0.0049,0.0049
Vanguard Super Pty Ltd,Vanguard Super,Public offer,Vanguard MySuper,Generic,Lifecycle,Lifecycle Age 55,,,,0.79,,,,,,,,,,,,,,,,,,,,,,,0.0029,0.0029,0.0029,0.0029,0.0029,0.0049,0.0049,0.0049,0.0049,0.0049
Vanguard Super Pty Ltd,Vanguard Super,Public offer,Vanguard MySuper,Generic,Lifecycle,Lifecycle Age 56,,,,0.78,,,,,,,,,,,,,,,,,,,,,,,0.0029,0.0029,0.0029,0.0029,0.0029,0.0049,0.0049,0.0049,0.0049,0.0049
Vanguard Super Pty Ltd,Vanguard Super,Public offer,Vanguard MySuper,Generic,Lifecycle,Lifecycle Age 57,,,,0.76,,,,,,,,,,,,,,,,,,,,,,,0.0029,0.0029,0.0029,0.0029,0.0029,0.0049,0.0049,0.0049,0.0049,0.0049
Vanguard Super Pty Ltd,Vanguard Super,Public offer,Vanguard MySuper,Generic,Lifecycle,Lifecycle Age 58,,,,0.74,,,,,,,,,,,,,,,,,,,,,,,0.0029,0.0029,0.0029,0.0029,0.0029,0.0049,0.0049,0.0049,0.0049,0.0049
Vanguard Super Pty Ltd,Vanguard Super,Public offer,Vanguard MySuper,Generic,Lifecycle,Lifecycle Age 59,,,,0.72,,,,,,,,,,,,,,,,,,,,,,,0.0029,0.0029,0.0029,0.0029,0.0029,0.0049,0.0049,0.0049,0.0049,0.0049
Vanguard Super Pty Ltd,Vanguard Super,Public offer,Vanguard MySuper,Generic,Lifecycle,Lifecycle Age 60,,,,0.7,,,,,,,,,,,,,,,,,,,,,,,0.0029,0.0029,0.0029,0.0029,0.0029,0.0049,0.0049,0.0049,0.0049,0.0049
Vanguard Super Pty Ltd,Vanguard Super,Public offer,Vanguard MySuper,Generic,Lifecycle,Lifecycle Age 61,,,,0.68,,,,,,,,,,,,,,,,,,,,,,,0.0029,0.0029,0.0029,0.0029,0.0029,0.0049,0.0049,0.0049,0.0049,0.0049
Vanguard Super Pty Ltd,Vanguard Super,Public offer,Vanguard MySuper,Generic,Lifecycle,Lifecycle Age 62,,,,0.66,,,,,,,,,,,,,,,,,,,,,,,0.0029,0.0029,0.0029,0.0029,0.0029,0.0049,0.0049,0.0049,0.0049,0.0049
Vanguard Super Pty Ltd,Vanguard Super,Public offer,Vanguard MySuper,Generic,Lifecycle,Lifecycle Age 63,,,,0.64,,,,,,,,,,,,,,,,,,,,,,,0.0029,0.0029,0.0029,0.0029,0.0029,0.0049,0.0049,0.0049,0.0049,0.0049
Vanguard Super Pty Ltd,Vanguard Super,Public offer,Vanguard MySuper,Generic,Lifecycle,Lifecycle Age 64,,,,0.62,,,,,,,,,,,,,,,,,,,,,,,0.0029,0.0029,0.0029,0.0029,0.0029,0.0049,0.0049,0.0049,0.0049,0.0049
Vanguard Super Pty Ltd,Vanguard Super,Public offer,Vanguard MySuper,Generic,Lifecycle,Lifecycle Age 65,,,,0.62,,,,,,,,,,,,,,,,,,,,,,,0.0029,0.0029,0.0029,0.0029,0.0029,0.0049,0.0049,0.0049,0.0049,0.0049
Vanguard Super Pty Ltd,Vanguard Super,Public offer,Vanguard MySuper,Generic,Lifecycle,Lifecycle Age 66,,,,0.62,,,,,,,,,,,,,,,,,,,,,,,0.0029,0.0029,0.0029,0.0029,0.0029,0.0049,0.0049,0.0049,0.0049,0.0049
Vanguard Super Pty Ltd,Vanguard Super,Public offer,Vanguard MySuper,Generic,Lifecycle,Lifecycle Age 67,,,,0.61,,,,,,,,,,,,,,,,,,,,,,,0.0029,0.0029,0.0029,0.0029,0.0029,0.0049,0.0049,0.0049,0.0049,0.0049
Vanguard Super Pty Ltd,Vanguard Super,Public offer,Vanguard MySuper,Generic,Lifecycle,Lifecycle Age 68,,,,0.61,,,,,,,,,,,,,,,,,,,,,,,0.0029,0.0029,0.0029,0.0029,0.0029,0.0049,0.0049,0.0049,0.0049,0.0049
Vanguard Super Pty Ltd,Vanguard Super,Public offer,Vanguard MySuper,Generic,Lifecycle,Lifecycle Age 69,,,,0.61,,,,,,,,,,,,,,,,,,,,,,,0.0029,0.0029,0.0029,0.0029,0.0029,0.0049,0.0049,0.0049,0.0049,0.0049
Vanguard Super Pty Ltd,Vanguard Super,Public offer,Vanguard MySuper,Generic,Lifecycle,Lifecycle Age 70,,,,0.6,,,,,,,,,,,,,,,,,,,,,,,0.0029,0.0029,0.0029,0.0029,0.0029,0.0049,0.0049,0.0049,0.0049,0.0049
Vanguard Super Pty Ltd,Vanguard Super,Public offer,Vanguard MySuper,Generic,Lifecycle,Lifecycle Age 71,,,,0.6,,,,,,,,,,,,,,,,,,,,,,,0.0029,0.0029,0.0029,0.0029,0.0029,0.0049,0.0049,0.0049,0.0049,0.0049
Vanguard Super Pty Ltd,Vanguard Super,Public offer,Vanguard MySuper,Generic,Lifecycle,Lifecycle Age 72,,,,0.59,,,,,,,,,,,,,,,,,,,,,,,0.0029,0.0029,0.0029,0.0029,0.0029,0.0049,0.0049,0.0049,0.0049,0.0049
Vanguard Super Pty Ltd,Vanguard Super,Public offer,Vanguard MySuper,Generic,Lifecycle,Lifecycle Age 73,,,,0.59,,,,,,,,,,,,,,,,,,,,,,,0.0029,0.0029,0.0029,0.0029,0.0029,0.0049,0.0049,0.0049,0.0049,0.0049
Vanguard Super Pty Ltd,Vanguard Super,Public offer,Vanguard MySuper,Generic,Lifecycle,Lifecycle Age 74,,,,0.58,,,,,,,,,,,,,,,,,,,,,,,0.0029,0.0029,0.0029,0.0029,0.0029,0.0049,0.0049,0.0049,0.0049,0.0049
Vanguard Super Pty Ltd,Vanguard Super,Public offer,Vanguard MySuper,Generic,Lifecycle,Lifecycle Age 75,,,,0.58,,,,,,,,,,,,,,,,,,,,,,,0.0029,0.0029,0.0029,0.0029,0.0029,0.0049,0.0049,0.0049,0.0049,0.0049
Vanguard Super Pty Ltd,Vanguard Super,Public offer,Vanguard MySuper,Generic,Lifecycle,Lifecycle Age 76,,,,0.57,,,,,,,,,,,,,,,,,,,,,,,0.0029,0.0029,0.0029,0.0029,0.0029,0.0049,0.0049,0.0049,0.0049,0.0049
Vanguard Super Pty Ltd,Vanguard Super,Public offer,Vanguard MySuper,Generic,Lifecycle,Lifecycle Age 77,,,,0.57,,,,,,,,,,,,,,,,,,,,,,,0.0029,0.0029,0.0029,0.0029,0.0029,0.0049,0.0049,0.0049,0.0049,0.0049
Vanguard Super Pty Ltd,Vanguard Super,Public offer,Vanguard MySuper,Generic,Lifecycle,Lifecycle Age 78,,,,0.56,,,,,,,,,,,,,,,,,,,,,,,0.0029,0.0029,0.0029,0.0029,0.0029,0.0049,0.0049,0.0049,0.0049,0.0049
Vanguard Super Pty Ltd,Vanguard Super,Public offer,Vanguard MySuper,Generic,Lifecycle,Lifecycle Age 79,,,,0.56,,,,,,,,,,,,,,,,,,,,,,,0.0029,0.0029,0.0029,0.0029,0.0029,0.0049,0.0049,0.0049,0.0049,0.0049
Vanguard Super Pty Ltd,Vanguard Super,Public offer,Vanguard MySuper,Generic,Lifecycle,Lifecycle Age 80,,,,0.56,,,,,,,,,,,,,,,,,,,,,,,0.0029,0.0029,0.0029,0.0029,0.0029,0.0049,0.0049,0.0049,0.0049,0.0049
Vanguard Super Pty Ltd,Vanguard Super,Public offer,Vanguard MySuper,Generic,Lifecycle,Lifecycle Age 81,,,,0.55,,,,,,,,,,,,,,,,,,,,,,,0.0029,0.0029,0.0029,0.0029,0.0029,0.0049,0.0049,0.0049,0.0049,0.0049
Vanguard Super Pty Ltd,Vanguard Super,Public offer,Vanguard MySuper,Generic,Lifecycle,Lifecycle Age 82 and above,,,,0.55,,,,,,,,,,,,,,,,,,,,,,,0.0029,0.0029,0.0029,0.0029,0.0029,0.0049,0.0049,0.0049,0.0049,0.0049
Vision Super Pty Ltd,Local Authorities Superannuation Fund,Public offer,Active Super Lifestage Product,MySuper Large Employer,Lifecycle,,5650144,0.19,50190,,0.00203,Pass,10,0.00287,0.00332,0.002482,,,,,,,,,,,,,,,,,,,,,,,,,,
Vision Super Pty Ltd,Local Authorities Superannuation Fund,Public offer,Active Super Lifestage Product,MySuper Large Employer,Lifecycle,Active Super Lifestage - Accelerator,,,,0.9,,,,,,,0.0845,0.0035,5.00E-04,0.0808,0.0818,0,-0.004,0.0781,0.1011,0.0028,-0.0042,0.0973,0.1031,-0.0157,-0.027,0.0994,0.0078,0.0044,0.0033,0.0028,0.0024,0.0151,0.0117,0.0106,0.01,0.0097
Vision Super Pty Ltd,Local Authorities Superannuation Fund,Public offer,Active Super Lifestage Product,MySuper Large Employer,Lifecycle,Active Super Lifestage -  Accumulator,,,,0.78,,,,,,,0.0617,0.0024,-0.006,0.0581,0.0601,-2.00E-04,-0.01,0.0565,0.0703,0.005,-0.0101,0.0666,0.085,-0.0118,-0.0292,0.0813,0.0078,0.0044,0.0033,0.0028,0.0024,0.0146,0.0112,0.0101,0.0095,0.0092
Vision Super Pty Ltd,Local Authorities Superannuation Fund,Public offer,Active Super Lifestage Product,MySuper Large Employer,Lifecycle,Active Super Lifestage - Appreciator,,,,0.65,,,,,,,0.0457,0.0025,-0.0099,0.0421,0.0443,7.00E-04,-0.0135,0.0407,0.0491,0.0066,-0.0131,0.0455,0.0688,-0.0081,-0.0308,0.0652,0.0078,0.0044,0.0033,0.0028,0.0024,0.0143,0.0109,0.0098,0.0092,0.0089
Vision Super Pty Ltd,Local Authorities Superannuation Fund,Public offer,Vision MySuper,Generic,Single strategy,,7310655,0.23,66980,0.75,0.0062,Pass,10,0.00616,0.00244,0.002482,0.0772,0.0062,0.0017,0.0741,0.0751,0.0066,-8.00E-04,0.0723,0.0869,0.0076,-0.0028,0.0843,0.0982,0.0018,-0.0155,0.0956,0.0075,0.0037,0.0024,0.0018,0.0014,0.0112,0.0075,0.0062,0.0056,0.0052
